category,file,source_swf,source_file,width,height,pt_br
01-loading,DDT_Loading__1.jpg,DDT_Loading.swf,1.jpg,1000,600,""
01-loading,DDT_Loading__25.png,DDT_Loading.swf,25.png,461,200,""
02-lobby-hall,hall_old__7_asset.hall.battleLABS.png,hall_old.swf,7_asset.hall.battleLABS.png,492,1616,""
02-lobby-hall,hall__4_asset.hall.battleLABS.png,hall.swf,4_asset.hall.battleLABS.png,492,1616,""
02-lobby-hall,hall_old__104.jpg,hall_old.swf,104.jpg,1000,600,""
02-lobby-hall,hall__12.jpg,hall.swf,12.jpg,1000,600,""
02-lobby-hall,hall__198.png,hall.swf,198.png,266,272,""
02-lobby-hall,hall_old__290.png,hall_old.swf,290.png,266,272,""
02-lobby-hall,hall__207.png,hall.swf,207.png,259,286,""
02-lobby-hall,hall_old__299.png,hall_old.swf,299.png,259,286,""
02-lobby-hall,roomlist__72_asset.DungeonList.DungeonListBG.jpg,roomlist.swf,72_asset.DungeonList.DungeonListBG.jpg,771,548,""
02-lobby-hall,hall__216.png,hall.swf,216.png,229,227,""
02-lobby-hall,hall_old__308.png,hall_old.swf,308.png,229,227,""
02-lobby-hall,hall_old__4_asset.hallSaveFile.noviceBG.png,hall_old.swf,4_asset.hallSaveFile.noviceBG.png,588,339,""
02-lobby-hall,hall__7_asset.hallSaveFile.noviceBG.png,hall.swf,7_asset.hallSaveFile.noviceBG.png,588,339,""
02-lobby-hall,hall__224.png,hall.swf,224.png,180,189,""
02-lobby-hall,hall_old__316.png,hall_old.swf,316.png,180,189,""
02-lobby-hall,hall_old__233.png,hall_old.swf,233.png,314,314,""
02-lobby-hall,hall__141.png,hall.swf,141.png,314,314,""
02-lobby-hall,hall_old__260.png,hall_old.swf,260.png,121,200,""
02-lobby-hall,hall__168.png,hall.swf,168.png,121,200,""
02-lobby-hall,roomlist__37_asset.roomList.titleBg_01.png,roomlist.swf,37_asset.roomList.titleBg_01.png,245,50,"Sala de Jogos"
02-lobby-hall,roomlist__23_asset.roomList.playerListBg_02.jpg,roomlist.swf,23_asset.roomList.playerListBg_02.jpg,236,547,""
02-lobby-hall,hall_old__295.jpg,hall_old.swf,295.jpg,291,270,""
02-lobby-hall,hall__203.jpg,hall.swf,203.jpg,291,270,""
02-lobby-hall,serverList__4_asset.serverlist.ok.png,serverList.swf,4_asset.serverlist.ok.png,186,48,""
02-lobby-hall,roomlist__24_asset.roomList.playerListBg_01.jpg,roomlist.swf,24_asset.roomList.playerListBg_01.jpg,232,549,""
02-lobby-hall,roomlist__68_asset.roomList.explore.png,roomlist.swf,68_asset.roomList.explore.png,138,63,""
02-lobby-hall,roomlist__21_asset.DungeonList.boss.png,roomlist.swf,21_asset.DungeonList.boss.png,138,62,""
02-lobby-hall,roomlist__73_asset.DungeonList.dungeon.png,roomlist.swf,73_asset.DungeonList.dungeon.png,138,63,""
02-lobby-hall,hall_old__333.jpg,hall_old.swf,333.jpg,214,196,""
02-lobby-hall,hall__241.jpg,hall.swf,241.jpg,214,196,""
02-lobby-hall,roomlist__14_asset.roomList.roomName.png,roomlist.swf,14_asset.roomList.roomName.png,258,26,"Nome da sala"
02-lobby-hall,toolbar__17.png,toolbar.swf,17.png,85,91,""
02-lobby-hall,hall_old__329.jpg,hall_old.swf,329.jpg,213,208,""
02-lobby-hall,hall__237.jpg,hall.swf,237.jpg,213,208,""
02-lobby-hall,hall_old__321.jpg,hall_old.swf,321.jpg,278,169,""
02-lobby-hall,hall__229.jpg,hall.swf,229.jpg,278,169,""
02-lobby-hall,hall_old__325.jpg,hall_old.swf,325.jpg,207,210,""
02-lobby-hall,hall__233.jpg,hall.swf,233.jpg,207,210,""
02-lobby-hall,hall__277.png,hall.swf,277.png,74,74,""
02-lobby-hall,hall_old__11.png,hall_old.swf,11.png,74,74,""
02-lobby-hall,roomlist__17_asset.roomList.rivalship.png,roomlist.swf,17_asset.roomList.rivalship.png,85,85,""
02-lobby-hall,hall_old__312.jpg,hall_old.swf,312.jpg,179,223,""
02-lobby-hall,hall__220.jpg,hall.swf,220.jpg,179,223,""
02-lobby-hall,hall__1_asset.hall.stockIcon.png,hall.swf,1_asset.hall.stockIcon.png,70,70,""
02-lobby-hall,roomlist__35_asset.DungeonList.name_PVE.png,roomlist.swf,35_asset.DungeonList.name_PVE.png,257,29,"Nome da sala"
02-lobby-hall,toolbar__11_asset.toolbar.ShortCutBtn.png,toolbar.swf,11_asset.toolbar.ShortCutBtn.png,119,73,". , l lÀ ý . Moedasan AX XXY STạo shortcut°"
02-lobby-hall,toolbar__12_asset.toolbar.dailyBtnAsset.png,toolbar.swf,12_asset.toolbar.dailyBtnAsset.png,115,70,""
02-lobby-hall,toolbar__10_asset.toolbar.complainBtnAsset.png,toolbar.swf,10_asset.toolbar.complainBtnAsset.png,111,45,""
02-lobby-hall,roomlist__66_asset.roomList.hardLevel.png,roomlist.swf,66_asset.roomList.hardLevel.png,142,26,""
02-lobby-hall,roomlist__16_asset.roomList.roomMode.png,roomlist.swf,16_asset.roomList.roomMode.png,132,26,""
02-lobby-hall,roomlist__28_asset.roomList.placeCount.png,roomlist.swf,28_asset.roomList.placeCount.png,136,26,""
02-lobby-hall,hall_old__73.png,hall_old.swf,73.png,75,75,"9 ồ Mn 7, Evento"
02-lobby-hall,hall__267.png,hall.swf,267.png,75,75,"9 ồ Mn 7, Evento"
02-lobby-hall,hall_old__84.png,hall_old.swf,84.png,70,70,""
02-lobby-hall,hall__256.png,hall.swf,256.png,70,70,""
02-lobby-hall,serverList__7_asset.serverlist.health.png,serverList.swf,7_asset.serverlist.health.png,451,66,""
02-lobby-hall,roomlist__65_asset.roomList.sel_02.png,roomlist.swf,65_asset.roomList.sel_02.png,732,30,""
02-lobby-hall,roomlist__36_asset.DungeonList.model_PVE.png,roomlist.swf,36_asset.DungeonList.model_PVE.png,109,29,""
02-lobby-hall,roomlist__44_asset.DungeonList.map_PVE.png,roomlist.swf,44_asset.DungeonList.map_PVE.png,118,29,""
02-lobby-hall,roomlist__58_asset.DungeonList.hardLevel_PVE.png,roomlist.swf,58_asset.DungeonList.hardLevel_PVE.png,111,29,""
02-lobby-hall,hall_old__10_asset.hallSaveFile.okBtn.png,hall_old.swf,10_asset.hallSaveFile.okBtn.png,88,28,"Ok"
02-lobby-hall,hall__10_asset.hallSaveFile.okBtn.png,hall.swf,10_asset.hallSaveFile.okBtn.png,88,28,"Ok"
02-lobby-hall,roomlist__20_asset.DungeonList.pre_PVE.png,roomlist.swf,20_asset.DungeonList.pre_PVE.png,106,28,""
02-lobby-hall,roomlist__39_asset.roomList.mode_03.png,roomlist.swf,39_asset.roomList.mode_03.png,90,32,""
02-lobby-hall,roomlist__27_asset.DungeonList.placeCount_PVE.png,roomlist.swf,27_asset.DungeonList.placeCount_PVE.png,73,29,"Número de pessoas."
02-lobby-hall,hall__75.png,hall.swf,75.png,56,60,""
02-lobby-hall,hall_old__9_asset.hall.farmIcon.png,hall_old.swf,9_asset.hall.farmIcon.png,74,74,""
02-lobby-hall,hall_old__167.png,hall_old.swf,167.png,56,60,""
02-lobby-hall,roomlist__42_asset.roomList.mode_0.png,roomlist.swf,42_asset.roomList.mode_0.png,71,32,""
02-lobby-hall,hall__2_asset.hall.farmIcon.png,hall.swf,2_asset.hall.farmIcon.png,74,74,""
02-lobby-hall,serverList__11_asset.serverlist.enterGame.png,serverList.swf,11_asset.serverlist.enterGame.png,388,48,""
02-lobby-hall,hall__62.png,hall.swf,62.png,74,87,""
02-lobby-hall,hall_old__154.png,hall_old.swf,154.png,74,87,""
02-lobby-hall,roomlist__55_asset.roomList.ID.png,roomlist.swf,55_asset.roomList.ID.png,58,26,""
02-lobby-hall,hall__64.png,hall.swf,64.png,74,87,""
02-lobby-hall,hall_old__156.png,hall_old.swf,156.png,74,87,""
02-lobby-hall,hall_old__162.png,hall_old.swf,162.png,74,87,""
02-lobby-hall,hall_old__158.png,hall_old.swf,158.png,74,87,""
02-lobby-hall,hall__51.png,hall.swf,51.png,237,45,""
02-lobby-hall,hall_old__143.png,hall_old.swf,143.png,237,45,""
02-lobby-hall,hall_old__131.png,hall_old.swf,131.png,187,41,""
02-lobby-hall,hall__39.png,hall.swf,39.png,187,41,""
02-lobby-hall,roomlist__69_asset.roomList.explainText_2.png,roomlist.swf,69_asset.roomList.explainText_2.png,254,49,"Combate entre jogadores; o sistema sorteia o mapa e o adversário aleatoriamente"
02-lobby-hall,roomlist__71_asset.DungeonList.explainText_1.png,roomlist.swf,71_asset.DungeonList.explainText_1.png,240,64,"Este modo tem várias fases; ao derrotar o chefe final você ganhará muitos tesouros"
02-lobby-hall,roomlist__25_asset.roomList.titleBg_02.png,roomlist.swf,25_asset.roomList.titleBg_02.png,142,25,""
02-lobby-hall,hall__27.png,hall.swf,27.png,182,47,""
02-lobby-hall,hall_old__119.png,hall_old.swf,119.png,182,47,""
02-lobby-hall,hall_old__51.png,hall_old.swf,51.png,80,80,""
02-lobby-hall,hall__317.png,hall.swf,317.png,80,80,""
02-lobby-hall,roomlist__41_asset.roomList.mode_01.png,roomlist.swf,41_asset.roomList.mode_01.png,91,32,""
02-lobby-hall,hall__311.png,hall.swf,311.png,80,80,""
02-lobby-hall,hall__21.png,hall.swf,21.png,191,44,""
02-lobby-hall,hall_old__113.png,hall_old.swf,113.png,191,44,""
02-lobby-hall,hall_old__41.png,hall_old.swf,41.png,80,80,""
02-lobby-hall,roomlist__38_asset.roomList.mode_04.png,roomlist.swf,38_asset.roomList.mode_04.png,89,32,""
02-lobby-hall,hall__36.png,hall.swf,36.png,180,43,""
02-lobby-hall,hall_old__128.png,hall_old.swf,128.png,180,43,""
02-lobby-hall,hall__307.png,hall.swf,307.png,80,80,""
02-lobby-hall,hall_old__59.png,hall_old.swf,59.png,80,80,""
02-lobby-hall,hall_old__31.png,hall_old.swf,31.png,80,80,""
02-lobby-hall,hall__325.png,hall.swf,325.png,80,80,""
02-lobby-hall,hall_old__63.png,hall_old.swf,63.png,80,80,""
02-lobby-hall,hall__329.png,hall.swf,329.png,80,80,""
02-lobby-hall,hall__24.png,hall.swf,24.png,181,40,""
02-lobby-hall,hall_old__116.png,hall_old.swf,116.png,181,40,""
02-lobby-hall,hall_old__23.png,hall_old.swf,23.png,80,80,""
02-lobby-hall,hall__289.png,hall.swf,289.png,80,80,""
02-lobby-hall,hall_old__27.png,hall_old.swf,27.png,80,80,""
02-lobby-hall,roomlist__70_asset.roomList.explainText_1.png,roomlist.swf,70_asset.roomList.explainText_1.png,254,34,"Mô hình luyện tập thường, có thẻ nhận được phần thưởng Experiência."
02-lobby-hall,hall__48.png,hall.swf,48.png,199,47,"Sala de Jogos)"
02-lobby-hall,hall_old__140.png,hall_old.swf,140.png,199,47,"Sala de Jogos)"
02-lobby-hall,hall_old__301.png,hall_old.swf,301.png,145,88,""
02-lobby-hall,hall__209.png,hall.swf,209.png,145,88,""
02-lobby-hall,roomlist__49_asset.roomList.txtImage.png,roomlist.swf,49_asset.roomList.txtImage.png,79,53,""
02-lobby-hall,hall_old__310.png,hall_old.swf,310.png,145,88,""
02-lobby-hall,hall__218.png,hall.swf,218.png,145,88,""
02-lobby-hall,roomlist__12_asset.roomList.commonBG_01.png,roomlist.swf,12_asset.roomList.commonBG_01.png,473,23,""
02-lobby-hall,hall_old__125.png,hall_old.swf,125.png,105,47,""
02-lobby-hall,hall__33.png,hall.swf,33.png,105,47,""
02-lobby-hall,hall__30.png,hall.swf,30.png,122,45,""
02-lobby-hall,hall_old__122.png,hall_old.swf,122.png,122,45,""
02-lobby-hall,hall__243.png,hall.swf,243.png,145,88,"Um por todos, todos por um. Venha se juntar a um Clã!"
02-lobby-hall,hall_old__335.png,hall_old.swf,335.png,145,88,"Um por todos, todos por um. Venha se juntar a um Clã!"
02-lobby-hall,hall__226.png,hall.swf,226.png,145,88,"Đền tiệm rèn có thễ thăng Nível,cháất lượng cho Equipamento của mình!"
02-lobby-hall,hall_old__318.png,hall_old.swf,318.png,145,88,"Đền tiệm rèn có thễ thăng Nível,chất lượng cho Equipamento của mình!"
02-lobby-hall,hall_old__297.png,hall_old.swf,297.png,145,88,"O lugar para superar instâncias e conquistar os chefes mais difíceis e cruéis."
02-lobby-hall,hall__205.png,hall.swf,205.png,145,88,"O lugar para superar instâncias e conquistar os chefes mais difíceis e cruéis."
02-lobby-hall,roomlist__64_asset.roomList.hardLevel_0.png,roomlist.swf,64_asset.roomList.hardLevel_0.png,102,26,"Não selecionado"
02-lobby-hall,roomlist__15_asset.roomList.roomModelText.png,roomlist.swf,15_asset.roomList.roomModelText.png,102,24,""
02-lobby-hall,hall_old__292.png,hall_old.swf,292.png,145,88,"Único e exclusivo, ninguém mais terá igual!"
02-lobby-hall,hall__239.png,hall.swf,239.png,145,88,"Tome um banho termal, relaxe e ainda ganhe experiência!"
02-lobby-hall,hall_old__331.png,hall_old.swf,331.png,145,88,"Tome um banho termal, relaxe e ainda ganhe experiência!"
02-lobby-hall,hall__200.png,hall.swf,200.png,145,88,"Único e exclusivo, ninguém mais terá igual!"
02-lobby-hall,roomlist__75_asset.roomList.CreateRoomText.png,roomlist.swf,75_asset.roomList.CreateRoomText.png,100,24,""
02-lobby-hall,hall__214.png,hall.swf,214.png,145,88,"Compre e venda equipamentos e armas raras!"
02-lobby-hall,hall_old__306.png,hall_old.swf,306.png,145,88,"Compre e venda equipamentos e armas raras!"
02-lobby-hall,hall_old__314.png,hall_old.swf,314.png,145,88,"Encontre amigos e amplie seus laços de amizade."
02-lobby-hall,hall__222.png,hall.swf,222.png,145,88,"Encontre amigos e amplie seus laços de amizade."
02-lobby-hall,hall_old__327.png,hall_old.swf,327.png,145,88,"Ranking dos melhores jogadores!"
02-lobby-hall,hall__235.png,hall.swf,235.png,145,88,"Ranking dos melhores jogadores!"
02-lobby-hall,hall_old__323.png,hall_old.swf,323.png,145,88,""
02-lobby-hall,hall__231.png,hall.swf,231.png,145,88,""
02-lobby-hall,roomlist__57_asset.DungeonList.iconBtn.png,roomlist.swf,57_asset.DungeonList.iconBtn.png,19,19,""
02-lobby-hall,roomlist__59_asset.roomList.hardLevel_04.png,roomlist.swf,59_asset.roomList.hardLevel_04.png,86,33,"Herói"
02-lobby-hall,roomlist__61_asset.roomList.hardLevel_02.png,roomlist.swf,61_asset.roomList.hardLevel_02.png,86,33,"Normal"
02-lobby-hall,hall__176.png,hall.swf,176.png,145,88,"O lugar para realizar casamentos!"
02-lobby-hall,hall_old__268.png,hall_old.swf,268.png,145,88,"O lugar para realizar casamentos!"
02-lobby-hall,roomlist__60_asset.roomList.hardLevel_03.png,roomlist.swf,60_asset.roomList.hardLevel_03.png,86,33,"Difícil"
02-lobby-hall,roomlist__63_asset.roomList.hardLevel_01.png,roomlist.swf,63_asset.roomList.hardLevel_01.png,86,33,"Fácil"
02-lobby-hall,roomlist__29_asset.roomList.passText.png,roomlist.swf,29_asset.roomList.passText.png,52,18,""
02-lobby-hall,roomlist__9_asset.Dungeon.MapBg_07.png,roomlist.swf,9_asset.Dungeon.MapBg_07.png,23,23,""
02-lobby-hall,roomlist__52_asset.roomList.inputID.png,roomlist.swf,52_asset.roomList.inputID.png,106,20,"Digite o ID da sala"
02-lobby-hall,hall_old__5_asset.serverlist.hallBtnHover.png,hall_old.swf,5_asset.serverlist.hallBtnHover.png,15,14,""
02-lobby-hall,hall__6_asset.serverlist.hallBtnHover.png,hall.swf,6_asset.serverlist.hallBtnHover.png,15,14,""
02-lobby-hall,roomlist__50_asset.roomList.inputPass.png,roomlist.swf,50_asset.roomList.inputPass.png,44,20,"Senha"
02-lobby-hall,roomlist__30_asset.roomList.Pass.png,roomlist.swf,30_asset.roomList.Pass.png,41,20,"Senha"
02-lobby-hall,serverList__6_asset.serverlist.huobao.png,serverList.swf,6_asset.serverlist.huobao.png,24,15,""
03-janelas,wonderfulactivity__87_wonderfulactivity.farme.backgroud.png,wonderfulactivity.swf,87_wonderfulactivity.farme.backgroud.png,494,478,""
03-janelas,wonderfulactivity__7_wonderfulactivity.hero.back.png,wonderfulactivity.swf,7_wonderfulactivity.hero.back.png,496,480,"Moedasluyèngnoain® — Y \"Thích làm người no heng thì hay colemao! g \"ẤẠ si 7 4| 7 ¡ -"
03-janelas,awardsystem__103_asset.awardSystem.surpriseRoulette.bg.png,awardsystem.swf,103_asset.awardSystem.surpriseRoulette.bg.png,747,518,""
03-janelas,firsttainer__336_asset.train.gameOverBG.png,firsttainer.swf,336_asset.train.gameOverBG.png,567,529,""
03-janelas,wonderfulactivity__38_wonderfulactivity.zhuanpan.back.png,wonderfulactivity.swf,38_wonderfulactivity.zhuanpan.back.png,496,480,""
03-janelas,roulette__1_wonderfulactivity.zhuanpan.back.png,roulette.swf,1_wonderfulactivity.zhuanpan.back.png,496,480,""
03-janelas,awardsystem1__112_asset.awardSystem.surpriseRoulette.bg.png,awardsystem1.swf,112_asset.awardSystem.surpriseRoulette.bg.png,747,518,""
03-janelas,league__5_asset.leagueShopFrame.bg.png,league.swf,5_asset.leagueShopFrame.bg.png,483,476,""
03-janelas,academycommon__41.jpg,academycommon.swf,41.jpg,485,1780,"(2©rmglerGð œpt2nelone 'Evx7 Di, c Moedas ng \"02t 7 | lề nnsnsnn IỐNI Khu... ÌÙ se 4 _¬ AM zi| CC Z me nẦ TT ượn - Š ». tt t E=XAY, ~ => HC. I1.ra| bj^k 2ASGÀ ›ZZ vua kh &ÔY= AE '=neewnvyudmets cm G kxs % A Ể Ệ ếc NI cm l==z AON | “am —"
03-janelas,bagandinfo1__20_bagAndInfo.info.personalInfoBgAsset.png,bagandinfo1.swf,20_bagAndInfo.info.personalInfoBgAsset.png,437,451,""
03-janelas,bagandinfo2__16_bagAndInfo.info.personalInfoBgAsset.png,bagandinfo2.swf,16_bagAndInfo.info.personalInfoBgAsset.png,437,451,""
03-janelas,bagandinfo__16_bagAndInfo.info.personalInfoBgAsset.png,bagandinfo.swf,16_bagAndInfo.info.personalInfoBgAsset.png,437,451,""
03-janelas,auction__56_asset.auctionHouse.BuyBG.png,auction.swf,56_asset.auctionHouse.BuyBG.png,975,409,""
03-janelas,roulette1__8_asset.roulette.helpBG.png,roulette1.swf,8_asset.roulette.helpBG.png,368,400,"“Chào mừng các Gunner đến với Vòng quay. Sorte! Xin lưu ý: 1. Trong thời gian Event, Qunner có 1 cơ hội trong ngày để thử vận may. 2. Moedas khuyến mãi chỉ có thể nhận trong ngày trong Event, qua ngày quay lại lần mới. 3. Tỉ lệ Moedas khuyến mãi quay được sẽ reset khi qua ngày mới tới khi nào Event kết thúc. 4. Không giới hạn chuyển Moedas vào trong ngày để nhận khuyến mãi. 5. Moedas khuyến mãi sẽ được cộng dồn vào “Túi” và sẽ được thông báo qua thư khi chuyển Moedas vào tài khoản thành công."
03-janelas,awardsystem__104_asset.awardSystem.surpriseRoulette.bg1.png,awardsystem.swf,104_asset.awardSystem.surpriseRoulette.bg1.png,272,273,""
03-janelas,wonderfulactivity__84_wonderful.accumulative.title.png,wonderfulactivity.swf,84_wonderful.accumulative.title.png,470,129,"Recarga Acumulada - Receba Presentes"
03-janelas,roulette__7_asset.roulette.startDownBtn.png,roulette.swf,7_asset.roulette.startDownBtn.png,200,218,""
03-janelas,elitegame__6_EliteGame.ruleBmp.png,elitegame.swf,6_EliteGame.ruleBmp.png,499,413,"T0 nnscogiEn E2iaiinhorbonlia\\eapGozsokaYeapr4Teso] atenergioemctogoteoroirotrggopgtrndiGuoer kiện được) oi ở 14:00417-00SVờng 2 Ìmở) E065, (S§Người/chơi!s€Jbátiđâu với 1000đđiểmđthị/đấu|thăng/sẽ nhật nẾ TiểmẾSNgười|chơi thoát hay/mấtikết nôi giữa chừng) [sejbitinhliàibolcuoctvaibilxư,thualvaltrừ điểm? quancooceeooncaseosom lv On lối lUj n0 llượng|Vidarcònllailhogc'satthương gây ra, in ketSe diênraivaolluci19:30) 19:45820:00820:155Người chơi|đạtTđiều] 'cần/taoJphòngtrước! (chưaivàolhoscikhôngTán]Bátrdau's6]bitính/thua on Ea ra on Go an Giải Nhữaglngườilọtvào vòng trong se mhenTđược phan thưởng! (tương xứng ï"
03-janelas,elitegame__22_EliteGame.pauungview.championBG.png,elitegame.swf,22_EliteGame.pauungview.championBG.png,260,219,""
03-janelas,wonderfulactivity__29_wonderfulactivity.GodSyah.syahView.bg.jpg,wonderfulactivity.swf,29_wonderfulactivity.GodSyah.syahView.bg.jpg,494,477,"Ỷm7S TY 2z >5 Gà đột biến?Z“ NA Ạ 5 Hoạt động Gà đột biến đã mở đem lại Força vô biên. rong thời gian này thuộc tính Equipamento sẽ tăng mạnh đừng bỏ lồcơ hội ¡ quserwgygym- rồ: Thời gian lế v & Ụ Z4 l/ ˆ - uM HSU | . ZE Trangbiklnày À S2 Trang BÌ Ghi «"
03-janelas,wonderfulactivity__32_wonderfulactivity.strength.back.jpg,wonderfulactivity.swf,32_wonderfulactivity.strength.back.jpg,495,479,"# S7 » Quy _=i Go Thủ OườngHóa | BộcLộTà Nang €9. Fortalecimento thăng Nível liển tực đề nhận thưởng liên tục! ¬ Yêu cầu Nhận thưởng. Trạng thái nhận. |"
03-janelas,wonderfulactivity__11_wonderfulactivity.luck.backgroud.jpg,wonderfulactivity.swf,11_wonderfulactivity.luck.backgroud.jpg,495,479,"“Đá Sorte đổi vũ khiixin ˆ Thiên sứ baniphuetang'qua. kế k g LUẬI 2.48 Chiến Thên (11/99V/9610) ke >7 xe. vì - (>> é 4“ EYODAS 2 SANNẦ ./ Kí ( 9 “ ẹ Ầ S ;; 2% S KC g 2 HN go r : /3X : LẠ. Z, pMỗ; 6vent: Ạ \\ - 3"
03-janelas,wonderfulactivity__16_wonderfulactivity.conRank.bg.jpg,wonderfulactivity.swf,16_wonderfulactivity.conRank.bg.jpg,499,485,"| ———nỔC h J Tiêu phí top 10 nhận thưởng tương ứng, kếtthúcsẽ gửi quà qua thư Ì | —— Ể | xép hạng | Tên Moedas đã tiêu Phần thưởng | | Ể | . | h | h J Ầ | | | Ầ | | ] h | h ] Ì J Ầ | Ậ"
03-janelas,wonderfulactivity__60_carnicalAct.bg.jpg,wonderfulactivity.swf,60_carnicalAct.bg.jpg,496,480,""
03-janelas,store__153_asset.store.wishBeadBG1.jpg,store.swf,153_asset.store.wishBeadBG1.jpg,710,402,""
03-janelas,store__14_asset.store.transfBG.jpg,store.swf,14_asset.store.transfBG.jpg,710,402,"Mover"
03-janelas,cardsystem__35_asset.upgradeFrame.cardBG.png,cardsystem.swf,35_asset.upgradeFrame.cardBG.png,138,193,"VN 7 HA Vị trí Carta"
03-janelas,auction__54_asset.auctionHouse.TitleBuy_btn.png,auction.swf,54_asset.auctionHouse.TitleBuy_btn.png,990,39,""
03-janelas,auction__53_asset.auctionHouse.TitleSell_btn.png,auction.swf,53_asset.auctionHouse.TitleSell_btn.png,990,39,""
03-janelas,auction__52_asset.auctionHouse.TitleBrowse_btn.png,auction.swf,52_asset.auctionHouse.TitleBrowse_btn.png,990,39,""
03-janelas,consortionii__122_asset.consortion.bankBag.equipTab.png,consortionii.swf,122_asset.consortion.bankBag.equipTab.png,53,455,""
03-janelas,store__18_asset.store.Title.png,store.swf,18_asset.store.Title.png,411,45,""
03-janelas,luckstar__2_luckyStar.view.SuperLuckyStarBg.jpg,luckstar.swf,2_luckyStar.view.SuperLuckyStarBg.jpg,413,478,"l | Moedas tích lũy $ <X.... :"
03-janelas,forgemain1__1_asset.wishBead.leftViewBg.png,forgemain1.swf,1_asset.wishBead.leftViewBg.png,310,136,"=“Sè. 4i 1] G -. ơm l4 Equipamento SA ¬ ¬ 4 h chúc phúc Mì L—"
03-janelas,forgemain__17_asset.wishBead.leftViewBg.png,forgemain.swf,17_asset.wishBead.leftViewBg.png,310,136,"z“Sè. ¿4| q ] (Châu báu' 4 Equipamento HS ¬ ¬ h LN chúc phúc, HH L"
03-janelas,newchickenbox1__7_asset.newChickenBox.openCardTimes.png,newchickenbox1.swf,7_asset.newChickenBox.openCardTimes.png,243,74,"Número de viradas de carta"
03-janelas,newchickenbox__7_asset.newChickenBox.openCardTimes.png,newchickenbox.swf,7_asset.newChickenBox.openCardTimes.png,243,74,"Número de viradas de carta"
03-janelas,cardsystem__33_asset.cardSystem.reset.CardBack.png,cardsystem.swf,33_asset.cardSystem.reset.CardBack.png,114,156,"‡ _= NI Carta 5722/04) 7127"
03-janelas,luckstar__20_luckyStar.view.RankBG.png,luckstar.swf,20_luckyStar.view.RankBG.png,389,338,"Xếp h: ng ca m0, 'Sau Sorte dùng"
03-janelas,firsttainer__157.png,firsttainer.swf,157.png,282,171,"(Pressione a barra de espaço para carregar a força; solte para atirar)"
03-janelas,bagandinfo1__60_equipretrieve.trieveCell1.png,bagandinfo1.swf,60_equipretrieve.trieveCell1.png,104,104,""
03-janelas,bagandinfo2__64_equipretrieve.trieveCell1.png,bagandinfo2.swf,64_equipretrieve.trieveCell1.png,104,104,""
03-janelas,bagandinfo__64_equipretrieve.trieveCell1.png,bagandinfo.swf,64_equipretrieve.trieveCell1.png,104,104,""
03-janelas,store__162_store.StoreIIFailBitAsset.png,store.swf,162_store.StoreIIFailBitAsset.png,505,125,""
03-janelas,consortionii__131_asset.consortion.jobManage.bg.png,consortionii.swf,131_asset.consortion.jobManage.bg.png,320,234,"Lista de cargos e permissões"
03-janelas,consortia__19_asset.consortia.myConsortiaView.smithBtn.png,consortia.swf,19_asset.consortia.myConsortiaView.smithBtn.png,116,86,"Forja"
03-janelas,bagandinfo__100_asset.bagAndInfo.bag.NecklacePtetrochemicalView.bg.png,bagandinfo.swf,100_asset.bagAndInfo.bag.NecklacePtetrochemicalView.bg.png,389,369,"Ñ = ;; Nível hiện tại. Nível kế: Nguyên, Tốn liệu | Exp tăng [euiidl=epThenglconglcoofnhenJGuccinemTcong] [nh.eule ~pTkhiuyeno"
03-janelas,academy__6_asset.academy.selectAsset.png,academy.swf,6_asset.academy.selectAsset.png,415,30,".]X MỶ]31MoedasXũ[JV tu nh"
03-janelas,ddtstore__100_asset.ddtstore.StoreIIFailBitAsset.png,ddtstore.swf,100_asset.ddtstore.StoreIIFailBitAsset.png,505,65,""
03-janelas,luckstar__12_luckyStar.view.BtnStartBg.png,luckstar.swf,12_luckyStar.view.BtnStartBg.png,97,97,"Começar"
03-janelas,store__145_asset.store.EquipBG.png,store.swf,145_asset.store.EquipBG.png,82,82,""
03-janelas,store__3_asset.store.transfStartBtn.png,store.swf,3_asset.store.transfStartBtn.png,160,46,"Teleportar!"
03-janelas,newchickenbox1__6_asset.newChickenBox.start.png,newchickenbox1.swf,6_asset.newChickenBox.start.png,161,59,""
03-janelas,newchickenbox__6_asset.newChickenBox.start.png,newchickenbox.swf,6_asset.newChickenBox.start.png,161,59,""
03-janelas,store__7_asset.store.transfArrowBG.png,store.swf,7_asset.store.transfArrowBG.png,118,104,"Transferir atributo"
03-janelas,calendar__3_Calendar.Grid.Title.png,calendar.swf,3_Calendar.Grid.Title.png,417,99,"Domingo Segunda Terça Quarta Quinta Sexta Sábado"
03-janelas,store__118_asset.store.ComposeBtn.png,store.swf,118_asset.store.ComposeBtn.png,160,46,"€ Fusão |"
03-janelas,wonderfulactivity__72_wonderfulactivity.levelBitmap.png,wonderfulactivity.swf,72_wonderfulactivity.levelBitmap.png,108,221,"Nível Ï"
03-janelas,wonderfulactivity__5_wonderfulactivity.powerBitmap.png,wonderfulactivity.swf,5_wonderfulactivity.powerBitmap.png,108,221,"Poder de Combate"
03-janelas,store__44_asset.store.StrengthBtn.png,store.swf,44_asset.store.StrengthBtn.png,160,46,"í “Fortalecimento” |"
03-janelas,consortionclub__24_asset.club.createConsortiaBtn.png,consortionclub.swf,24_asset.club.createConsortiaBtn.png,184,46,"Criar Clã"
03-janelas,worldboss__5_asset.worldbossAwardRoom.rightBg2.png,worldboss.swf,5_asset.worldbossAwardRoom.rightBg2.png,265,67,""
03-janelas,firsttainer__154_asset.trainer.mcMoveBg.png,firsttainer.swf,154_asset.trainer.mcMoveBg.png,282,171,"1| @y=HI Gichuyên” nhặt Arma:vàinón"
03-janelas,consortionii__99_asset.consortiaii.level10BtnSelected.png,consortionii.swf,99_asset.consortiaii.level10BtnSelected.png,137,60,"⁄ ` Nível 8-10 sử dụng"
03-janelas,consortionii__97_asset.consortiaii.level3BtnSelected.png,consortionii.swf,97_asset.consortiaii.level3BtnSelected.png,137,60,"⁄ ` Nível 1-3 sử dụng"
03-janelas,consortionii__95_asset.consortiaii.level7BtnSelected.png,consortionii.swf,95_asset.consortiaii.level7BtnSelected.png,137,60,"⁄ ` Nível 4-7 sử dụng"
03-janelas,store__135_asset.store.BuyGiftBagBG.png,store.swf,135_asset.store.BuyGiftBagBG.png,104,51,""
03-janelas,academycommon__27_asset.academyCommon.myAcademy.gradueteNumBG.png,academycommon.swf,27_asset.academyCommon.myAcademy.gradueteNumBG.png,610,52,"Số đệ tử tốt nghiệp: Título sư đồ:"
03-janelas,noviceactivity__16.png,noviceactivity.swf,16.png,75,75,""
03-janelas,newchickenbox1__32.png,newchickenbox1.swf,32.png,316,147,"ÍSuGorGunnercolnd dùng Moedasyênltháu Gói nhìn] [t>SUibouvatikhlVbAi Khi không Còn CƠ Hội lậu teoog0totfnge5tpeiyBocfovangŒfipttise, KGunnerthoátkhỏi ương gà thì họ thóng sellưu] tgœergtœ90eitod8,"
03-janelas,newchickenbox__32.png,newchickenbox.swf,32.png,316,147,"ÍSuGorGunnercolnd dùng Moedasyênltháu Gói nhìn] [t>SUibouvatikhlVbAi Khi không Còn CƠ Hội lậu teoog0totfnge5tpeiyBocfovangŒfipttise, KGunnerthoátkhỏi ương gà thì họ thóng sellưu] tgœergtœ90eitod8,"
03-janelas,store__149_asset.store.LuckyBG.png,store.swf,149_asset.store.LuckyBG.png,80,80,"Bùa Sorte"
03-janelas,consortionii__130_asset.consortion.remainFrame.word.png,consortionii.swf,130_asset.consortion.remainFrame.word.png,295,149,"Tài sản Guild không đủ,cách tăt tài ng là lu 1. Làm Missão Guild 2. Gulld chiến 3. Quyên tài sản Bây gờ quyên tài sản cho Guid không?"
03-janelas,academycommon__17_asset.academyCommon.RecommendPlayerCellView.masterHonor4.png,academycommon.swf,17_asset.academyCommon.RecommendPlayerCellView.masterHonor4.png,154,30,"Virtude elevada, grande prestígio"
03-janelas,store__148_asset.store.StrengthStoneBG.png,store.swf,148_asset.store.StrengthStoneBG.png,80,80,"Pedra de fortalecimento"
03-janelas,farm__46_assets.farmShop.promptPop.png,farm.swf,46_assets.farmShop.promptPop.png,116,83,"Làm mới Pet lại còn được tích điểm, vào Loja nông trại đề đối quà nhé !"
03-janelas,bagandinfo2__1_asset.avatarCollBtn2.png,bagandinfo2.swf,1_asset.avatarCollBtn2.png,118,38,""
03-janelas,bagandinfo__1_asset.avatarCollBtn2.png,bagandinfo.swf,1_asset.avatarCollBtn2.png,118,38,""
03-janelas,store__151_asset.store.GodBG.png,store.swf,151_asset.store.GodBG.png,80,80,"Amuleto Mágico"
03-janelas,consortionclub__4_asset.club.randomSearchBtn.png,consortionclub.swf,4_asset.club.randomSearchBtn.png,129,44,"(Busca aleatória)"
03-janelas,bagandinfo2__67_asset.trieve.StartStrengthTip.png,bagandinfo2.swf,67_asset.trieve.StartStrengthTip.png,326,57,"Escolha para aprimorar o item"
03-janelas,bagandinfo__67_asset.trieve.StartStrengthTip.png,bagandinfo.swf,67_asset.trieve.StartStrengthTip.png,326,57,"Escolha para aprimorar o item"
03-janelas,bagandinfo1__78_equipretrieve.ensureBt.png,bagandinfo1.swf,78_equipretrieve.ensureBt.png,187,49,"Refinamento 2"
03-janelas,bagandinfo2__85_equipretrieve.ensureBt.png,bagandinfo2.swf,85_equipretrieve.ensureBt.png,187,49,"Refinamento 2"
03-janelas,bagandinfo__85_equipretrieve.ensureBt.png,bagandinfo.swf,85_equipretrieve.ensureBt.png,187,49,"Refinamento 2"
03-janelas,bagandinfo1__62_asset.trieve.StartStrengthTip.png,bagandinfo1.swf,62_asset.trieve.StartStrengthTip.png,326,57,"Escolha para aprimorar o item"
03-janelas,farm__219.png,farm.swf,219.png,67,74,""
03-janelas,labyrinth__17_ddt.labyrinth.startGmaeBtn.png,labyrinth.swf,17_ddt.labyrinth.startGmaeBtn.png,111,49,"Começar"
03-janelas,consortionii__100_asset.consortiaii.level10Btn.png,consortionii.swf,100_asset.consortiaii.level10Btn.png,134,45,"Nível 810 sử dụng;"
03-janelas,firstrecharge__89.png,firstrecharge.swf,89.png,77,70,"Primeira Recarga"
03-janelas,bagandinfo2__44_asset.infoBtn2.png,bagandinfo2.swf,44_asset.infoBtn2.png,105,38,"Informações pessoais"
03-janelas,bagandinfo1__43_asset.infoBtn2.png,bagandinfo1.swf,43_asset.infoBtn2.png,105,38,"Informações pessoais"
03-janelas,bagandinfo__44_asset.infoBtn2.png,bagandinfo.swf,44_asset.infoBtn2.png,105,38,"Informações pessoais"
03-janelas,consortionii__98_asset.consortiaii.level3Btn.png,consortionii.swf,98_asset.consortiaii.level3Btn.png,132,45,""
03-janelas,awardsystem1__93_asset.awardSystem.timeBox.FightLibTip.png,awardsystem1.swf,93_asset.awardSystem.timeBox.FightLibTip.png,345,35,"[Recompensa da primeira vitória]"
03-janelas,consortionclub__34_asset.club.applyBtn.png,consortionclub.swf,34_asset.club.applyBtn.png,117,44,"(Por favor, entre!)"
03-janelas,store__53_asset.store.transfStartTip.png,store.swf,53_asset.store.transfStartTip.png,326,57,""
03-janelas,bagandinfo2__69_asset.cardSystemBtn2.png,bagandinfo2.swf,69_asset.cardSystemBtn2.png,105,38,"2S Carta"
03-janelas,bagandinfo__69_asset.cardSystemBtn2.png,bagandinfo.swf,69_asset.cardSystemBtn2.png,105,38,"2S Carta"
03-janelas,bagandinfo1__64_asset.cardSystemBtn2.png,bagandinfo1.swf,64_asset.cardSystemBtn2.png,105,38,"2 Carta"
03-janelas,store__113_asset.store.StartComposeTip.png,store.swf,113_asset.store.StartComposeTip.png,326,57,"Clique no slot de fusão de equipamento"
03-janelas,bagandinfo1__48_asset.giftBtn2.png,bagandinfo1.swf,48_asset.giftBtn2.png,105,38,"(Caixa de presente)"
03-janelas,bagandinfo2__49_asset.giftBtn2.png,bagandinfo2.swf,49_asset.giftBtn2.png,105,38,"(Caixa de presente)"
03-janelas,bagandinfo__49_asset.giftBtn2.png,bagandinfo.swf,49_asset.giftBtn2.png,105,38,"(Caixa de presente)"
03-janelas,bagandinfo2__23_asset.texpBtn2.png,bagandinfo2.swf,23_asset.texpBtn2.png,105,38,""
03-janelas,bagandinfo__23_asset.texpBtn2.png,bagandinfo.swf,23_asset.texpBtn2.png,105,38,""
03-janelas,bagandinfo1__26_asset.texpBtn2.png,bagandinfo1.swf,26_asset.texpBtn2.png,105,38,""
03-janelas,farm__108.png,farm.swf,108.png,83,70,"Caça ao Tesouro"
03-janelas,bagandinfo2__2_asset.avatarCollBtn.png,bagandinfo2.swf,2_asset.avatarCollBtn.png,116,35,"Traje"
03-janelas,bagandinfo__2_asset.avatarCollBtn.png,bagandinfo.swf,2_asset.avatarCollBtn.png,116,35,"Traje"
03-janelas,store__120_asset.ddtstore.exalt.exalt.png,store.swf,120_asset.ddtstore.exalt.exalt.png,160,46,"í° Tăng (Nível )"
03-janelas,forgemain1__3_asset.wishBead.doBtn.png,forgemain1.swf,3_asset.wishBead.doBtn.png,160,46,"í° Dát Ouro”"
03-janelas,forgemain__11_asset.wishBead.doBtn.png,forgemain.swf,11_asset.wishBead.doBtn.png,160,46,"í° Dát Ouro”"
03-janelas,bagandinfo1__45_asset.infoBtn1.png,bagandinfo1.swf,45_asset.infoBtn1.png,104,38,"Informações pessoais"
03-janelas,bagandinfo2__46_asset.infoBtn1.png,bagandinfo2.swf,46_asset.infoBtn1.png,104,38,"Informações pessoais"
03-janelas,bagandinfo__46_asset.infoBtn1.png,bagandinfo.swf,46_asset.infoBtn1.png,104,38,"Informações pessoais"
03-janelas,elitegame__7_EliteGame.rule.unselected.png,elitegame.swf,7_EliteGame.rule.unselected.png,106,35,"Regras da partida"
03-janelas,elitegame__3_EliteGame.scoreRank.unselected.png,elitegame.swf,3_EliteGame.scoreRank.unselected.png,106,35,"Ranking"
03-janelas,bagandinfo1__49_asset.giftBtn1.png,bagandinfo1.swf,49_asset.giftBtn1.png,105,38,"Caixa de presente"
03-janelas,bagandinfo2__50_asset.giftBtn1.png,bagandinfo2.swf,50_asset.giftBtn1.png,105,38,"Caixa de presente"
03-janelas,bagandinfo__50_asset.giftBtn1.png,bagandinfo.swf,50_asset.giftBtn1.png,105,38,"Caixa de presente"
03-janelas,store__21_asset.store.strengthBtn.png,store.swf,21_asset.store.strengthBtn.png,48,84,""
03-janelas,store__24_asset.store.fusionBtn.png,store.swf,24_asset.store.fusionBtn.png,48,84,"Fundir"
03-janelas,wonderfulactivity__12_wonderfulactivity.luck.btn.png,wonderfulactivity.swf,12_wonderfulactivity.luck.btn.png,199,84,""
03-janelas,bagandinfo1__74_asset.petBtn2.png,bagandinfo1.swf,74_asset.petBtn2.png,118,38,"Mascote"
03-janelas,store__114_asset.store.composeBtn.png,store.swf,114_asset.store.composeBtn.png,48,84,""
03-janelas,store__143_asset.store.PreviewBtn.png,store.swf,143_asset.store.PreviewBtn.png,112,46,"Visualizar"
03-janelas,store__110_asset.store.embedBtn.png,store.swf,110_asset.store.embedBtn.png,48,84,"Incrustação"
03-janelas,bagandinfo2__88_asset.totemInfoBtn.png,bagandinfo2.swf,88_asset.totemInfoBtn.png,105,38,"Totem"
03-janelas,bagandinfo__88_asset.totemInfoBtn.png,bagandinfo.swf,88_asset.totemInfoBtn.png,105,38,"Totem"
03-janelas,store__142_asset.store.ComposeStoneBG.png,store.swf,142_asset.store.ComposeStoneBG.png,80,80,"Pedra de combinação"
03-janelas,store__105_asset.store.embedAlert2.png,store.swf,105_asset.store.embedAlert2.png,359,65,"Khảm nạm cần Ouro, tiếp tục không? Chú ý : châu báu sau khi khảm nạm sẽ bị che lấp"
03-janelas,consortia__56_asset.consortia.myConsortiaView.auditingApplyBtn.png,consortia.swf,56_asset.consortia.myConsortiaView.auditingApplyBtn.png,101,34,"Recrutar membro"
03-janelas,auction__33_asset.auctionHouse.SellPerson.png,auction.swf,33_asset.auctionHouse.SellPerson.png,123,28,"Vendedor"
03-janelas,academycommon__31_asset.academyCommon.myAcademy.freeBtn.png,academycommon.swf,31_asset.academyCommon.myAcademy.freeBtn.png,100,36,"Benefícios de mestre-discípulo"
03-janelas,firstrecharge__2_asset.firstcharge.frame.getawardbtn.png,firstrecharge.swf,2_asset.firstcharge.frame.getawardbtn.png,183,54,"Receber recompensa"
03-janelas,firsttainer__166.png,firsttainer.swf,166.png,282,148,""
03-janelas,consortia__55_asset.consortia.myConsortiaView.chairChannelBtn.png,consortia.swf,55_asset.consortia.myConsortiaView.chairChannelBtn.png,101,34,""
03-janelas,consortia__31_asset.consortia.myConsortiaView.consortiaAssetManagerBtn.png,consortia.swf,31_asset.consortia.myConsortiaView.consortiaAssetManagerBtn.png,101,34,"Gerenciar Clã"
03-janelas,ddtstore__93_asset.ddtstore.FusionTabBtnUnSelected.png,ddtstore.swf,93_asset.ddtstore.FusionTabBtnUnSelected.png,47,78,""
03-janelas,bagandinfo2__27_bagAndInfo.bag.settedPWDAsset.png,bagandinfo2.swf,27_bagAndInfo.bag.settedPWDAsset.png,109,29,""
03-janelas,bagandinfo__27_bagAndInfo.bag.settedPWDAsset.png,bagandinfo.swf,27_bagAndInfo.bag.settedPWDAsset.png,109,29,""
03-janelas,bagandinfo1__3_bagAndInfo.bag.settedPWDAsset.png,bagandinfo1.swf,3_bagAndInfo.bag.settedPWDAsset.png,109,29,""
03-janelas,consortia__48_asset.consortia.myConsortiaView.exitConsortiaBtn.png,consortia.swf,48_asset.consortia.myConsortiaView.exitConsortiaBtn.png,101,34,"Sair do Clã"
03-janelas,bagandinfo2__87_asset.totemInfoBtn1.png,bagandinfo2.swf,87_asset.totemInfoBtn1.png,105,38,"Totem"
03-janelas,bagandinfo__87_asset.totemInfoBtn1.png,bagandinfo.swf,87_asset.totemInfoBtn1.png,105,38,"Totem"
03-janelas,awardsystem__67_asset.caddy.SellAllBtn.png,awardsystem.swf,67_asset.caddy.SellAllBtn.png,106,29,"Vender tudo."
03-janelas,auction__40_asset.auctionHouse.GoodsName.png,auction.swf,40_asset.auctionHouse.GoodsName.png,167,28,""
03-janelas,awardsystem1__9_asset.caddy.badLuck.BadLuckBtnI.png,awardsystem1.swf,9_asset.caddy.badLuck.BadLuckBtnI.png,91,30,""
03-janelas,bagandinfo1__87_bagAndInfo.bag.sortBagBtnAsset.png,bagandinfo1.swf,87_bagAndInfo.bag.sortBagBtnAsset.png,105,29,"(Organizar bolsa)"
03-janelas,bagandinfo2__96_bagAndInfo.bag.sortBagBtnAsset.png,bagandinfo2.swf,96_bagAndInfo.bag.sortBagBtnAsset.png,105,29,"(Organizar bolsa)"
03-janelas,bagandinfo__96_bagAndInfo.bag.sortBagBtnAsset.png,bagandinfo.swf,96_bagAndInfo.bag.sortBagBtnAsset.png,105,29,"(Organizar bolsa)"
03-janelas,store__90_store.StoreIIFiveFailBitAsset.png,store.swf,90_store.StoreIIFiveFailBitAsset.png,616,31,"(Fortalecimento Equipamento dưới Nível 5,không bị giảm Nível khi thất bại)"
03-janelas,ddtstore__165.png,ddtstore.swf,165.png,365,44,"Glielc vào 6ây đồ Fortalecimento"
03-janelas,academycommon__23_asset.academyCommon.academyRequest.look.png,academycommon.swf,23_asset.academyCommon.academyRequest.look.png,107,30,""
03-janelas,bagandinfo1__68_bagAndInfo.info.addFriendBtnAsset.png,bagandinfo1.swf,68_bagAndInfo.info.addFriendBtnAsset.png,93,36,"Adicionar amigo"
03-janelas,bagandinfo2__73_bagAndInfo.info.addFriendBtnAsset.png,bagandinfo2.swf,73_bagAndInfo.info.addFriendBtnAsset.png,93,36,"Adicionar amigo"
03-janelas,bagandinfo__73_bagAndInfo.info.addFriendBtnAsset.png,bagandinfo.swf,73_bagAndInfo.info.addFriendBtnAsset.png,93,36,"Adicionar amigo"
03-janelas,newtitle__2_asset.newTitle.useBtn.png,newtitle.swf,2_asset.newTitle.useBtn.png,122,48,""
03-janelas,ddtstore__313.png,ddtstore.swf,313.png,366,44,"Clique aqui para fundir"
03-janelas,firsttainer__103.png,firsttainer.swf,103.png,391,82,"Vitória"
03-janelas,roulette1__5_asset.roulette.recur.png,roulette1.swf,5_asset.roulette.recur.png,127,66,"Continuar."
03-janelas,roulette__8_asset.roulette.recur.png,roulette.swf,8_asset.roulette.recur.png,127,66,"Continuar"
03-janelas,calendar__9_Calendar.SignedAward.Title.png,calendar.swf,9_Calendar.SignedAward.Title.png,417,44,""
03-janelas,consortionii__57_asset.consortion.takeIn.operate.png,consortionii.swf,57_asset.consortion.takeIn.operate.png,191,33,"Operação"
03-janelas,consortion__67_asset.building.exit.png,consortion.swf,67_asset.building.exit.png,91,34,"Sair do Clã"
03-janelas,awardsystem__26_asset.caddy.LookBtn.png,awardsystem.swf,26_asset.caddy.LookBtn.png,103,26,""
03-janelas,awardsystem1__76_asset.caddy.LookBtn.png,awardsystem1.swf,76_asset.caddy.LookBtn.png,103,26,""
03-janelas,ddtstore__131.png,ddtstore.swf,131.png,365,44,"Clique aqui para teleportar"
03-janelas,awardsystem__87_asset.caddy.badLuck.AwardBtnI.png,awardsystem.swf,87_asset.caddy.badLuck.AwardBtnI.png,91,30,"(Recompensa;"
03-janelas,awardsystem1__20_asset.caddy.badLuck.AwardBtnI.png,awardsystem1.swf,20_asset.caddy.badLuck.AwardBtnI.png,91,30,"(Recompensa;"
03-janelas,ddtstore__9_asset.newFusion.stopBtn.png,ddtstore.swf,9_asset.newFusion.stopBtn.png,141,50,""
03-janelas,elitegame__10_EliteGame.scoreRank.prePage.png,elitegame.swf,10_EliteGame.scoreRank.prePage.png,80,29,"Anterior"
03-janelas,consortia__51_asset.consortia.myConsortiaView.displayBoardBtn1.png,consortia.swf,51_asset.consortia.myConsortiaView.displayBoardBtn1.png,100,30,""
03-janelas,consortion__72_asset.building.chairmanChanel.png,consortion.swf,72_asset.building.chairmanChanel.png,91,34,""
03-janelas,auction__32_asset.auctionHouse.BidPrice.png,auction.swf,32_asset.auctionHouse.BidPrice.png,147,28,""
03-janelas,consortionii__52_asset.consortion.skillFrame.personalSkill2.png,consortionii.swf,52_asset.consortion.skillFrame.personalSkill2.png,119,45,""
03-janelas,cardsystem__45_asset.cardBag.collectBtn.png,cardsystem.swf,45_asset.cardBag.collectBtn.png,128,39,"IŠCarta sưu|tàm)!"
03-janelas,consortion__21_asset.building.takeIn.png,consortion.swf,21_asset.building.takeIn.png,91,34,"Recrutar"
03-janelas,awardsystem__22_asset.caddy.badLuck.BadLuckBtnII.png,awardsystem.swf,22_asset.caddy.badLuck.BadLuckBtnII.png,91,29,""
03-janelas,awardsystem1__8_asset.caddy.badLuck.BadLuckBtnII.png,awardsystem1.swf,8_asset.caddy.badLuck.BadLuckBtnII.png,91,29,""
03-janelas,consortion__37_asset.building.manager.png,consortion.swf,37_asset.building.manager.png,91,34,"Gerenciamento"
03-janelas,consortionii__128_asset.consortion.skillFrame.consortionSkill2.png,consortionii.swf,128_asset.consortion.skillFrame.consortionSkill2.png,119,45,""
03-janelas,awardsystem1__39_asset.caddy.SellAllBtn.png,awardsystem1.swf,39_asset.caddy.SellAllBtn.png,106,29,"Vender tudo"
03-janelas,consortia__50_asset.consortia.myConsortiaView.displayBoardBtn2.png,consortia.swf,50_asset.consortia.myConsortiaView.displayBoardBtn2.png,100,30,"Aviso"
03-janelas,consortia__53_asset.consortia.myConsortiaView.consortiaEventBtn2.png,consortia.swf,53_asset.consortia.myConsortiaView.consortiaEventBtn2.png,100,30,"} đ\"e——=-eeeeïmn:nne. N . Evento guild |"
03-janelas,quest__56_asset.core.quest.buySpinelBtn.png,quest.swf,56_asset.core.quest.buySpinelBtn.png,151,45,""
03-janelas,roulette1__6_asset.roulette.rechargeable.png,roulette1.swf,6_asset.roulette.rechargeable.png,129,54,"Moedas k.mãi,"
03-janelas,roulette__9_asset.roulette.rechargeable.png,roulette.swf,9_asset.roulette.rechargeable.png,129,54,"Moedas k.mãi,"
03-janelas,consortionclub__23_asset.createConsortionFrame.BG.png,consortionclub.swf,23_asset.createConsortionFrame.BG.png,314,155,""
03-janelas,ddtstore__432.png,ddtstore.swf,432.png,365,44,"Nhấp chọn đề Fusão"
03-janelas,farm__15_asset.farm.buyExpBtnBG.png,farm.swf,15_asset.farm.buyExpBtnBG.png,91,73,"Comprar comida!"
03-janelas,awardsystem__89_asset.caddy.badLuck.AwardBtnII.png,awardsystem.swf,89_asset.caddy.badLuck.AwardBtnII.png,91,29,"(Recompensa"
03-janelas,awardsystem1__19_asset.caddy.badLuck.AwardBtnII.png,awardsystem1.swf,19_asset.caddy.badLuck.AwardBtnII.png,91,29,"(Recompensa"
03-janelas,consortionii__121_asset.consortion.mail.explain.png,consortionii.swf,121_asset.consortion.mail.explain.png,378,69,"Descrição: 1. Todos os membros do Clã recebem esta carta. 2. Cada envio de carta do Clã custa 1000 pontos de patrimônio."
03-janelas,consortionii__51_asset.consortion.jobManage.pm1.png,consortionii.swf,51_asset.consortion.jobManage.pm1.png,131,192,"Sửa thông báo Thăng chức/gián chức Khai trừ Chiêu mộ Nâng Nível gulld Sửa thông điệp Quản lý chức vị Gulld chiến Thư Gulld Sứ mệnh gulld"
03-janelas,academy__19_asset.academy.freeBtn.png,academy.swf,19_asset.academy.freeBtn.png,101,46,"Benefícios de mestre-discípulo"
03-janelas,consortionclub__9_asset.club.inviteRecord2.png,consortionclub.swf,9_asset.club.inviteRecord2.png,100,30,""
03-janelas,consortionii__63_asset.consortion.takeIn.name.png,consortionii.swf,63_asset.consortion.takeIn.name.png,148,32,"Nome"
03-janelas,ddtstore__406.png,ddtstore.swf,406.png,271,64,"Nhấp chọn vào đây vào giao diện khảm nạm , khảm nạm châu báu sẽ làm bạn tăng Força~"
03-janelas,store__354.png,store.swf,354.png,271,64,"Nhấp chọn vào đây vào giao diện khảm nạm , khảm nạm châu báu sẽ làm bạn tăng Força~"
03-janelas,gameover__29_asset.takeoutCard.TitleBitmap.png,gameover.swf,29_asset.takeoutCard.TitleBitmap.png,306,48,"Tabela de recompensas"
03-janelas,awardsystem1__32_asset.awardSystem.timeBox.TimeTip.png,awardsystem1.swf,32_asset.awardSystem.timeBox.TimeTip.png,306,50,"'Chúc mừng bạn nhận được bảo Baú thời gian, bạn nhận được phản thưởng sau:"
03-janelas,awardsystem__74_asset.awardSystem.timeBox.TimeTip.png,awardsystem.swf,74_asset.awardSystem.timeBox.TimeTip.png,306,50,"'Chúc mừng bạn nhận được bảo Baú thời gian, bạn nhận được phản thưởng sau:"
03-janelas,bagandinfo1__72_bagAndInfo.reworkname.check_up.png,bagandinfo1.swf,72_bagAndInfo.reworkname.check_up.png,94,22,"(Verificar nome)"
03-janelas,bagandinfo2__79_bagAndInfo.reworkname.check_up.png,bagandinfo2.swf,79_bagAndInfo.reworkname.check_up.png,94,22,"(Verificar nome)"
03-janelas,bagandinfo__79_bagAndInfo.reworkname.check_up.png,bagandinfo.swf,79_bagAndInfo.reworkname.check_up.png,94,22,"(Verificar nome)"
03-janelas,bagandinfo1__77_bagAndInfo.reworkname.check_down.png,bagandinfo1.swf,77_bagAndInfo.reworkname.check_down.png,94,22,"(Verificar nome)"
03-janelas,bagandinfo2__84_bagAndInfo.reworkname.check_down.png,bagandinfo2.swf,84_bagAndInfo.reworkname.check_down.png,94,22,"(Verificar nome)"
03-janelas,bagandinfo__84_bagAndInfo.reworkname.check_down.png,bagandinfo.swf,84_bagAndInfo.reworkname.check_down.png,94,22,"(Verificar nome)"
03-janelas,cardsystem__58_asset.cardEquipView.openBtn.png,cardsystem.swf,58_asset.cardEquipView.openBtn.png,78,24,""
03-janelas,store__8_asset.newStore.tabForge.unSelectedBtn.png,store.swf,8_asset.newStore.tabForge.unSelectedBtn.png,116,35,"Forja"
03-janelas,vipview__7_asset.vip.vipStatusBtn2.png,vipview.swf,7_asset.vip.vipStatusBtn2.png,181,37,""
03-janelas,store__39_asset.newStore.tabStore.unSelectedBtn.png,store.swf,39_asset.newStore.tabStore.unSelectedBtn.png,116,35,"Forja"
03-janelas,gameover__38_asset.takeoutCard.InstructionBitmap.png,gameover.swf,38_asset.takeoutCard.InstructionBitmap.png,273,58,"Bạn có 2 lằn lật bài miễn phí và tiêu thêm Moedas đề lật thêm 1 lần."
03-janelas,bagandinfo2__83_bagAndInfo.reworkname.check_over.png,bagandinfo2.swf,83_bagAndInfo.reworkname.check_over.png,94,22,"(Verificar nome)"
03-janelas,bagandinfo__83_bagAndInfo.reworkname.check_over.png,bagandinfo.swf,83_bagAndInfo.reworkname.check_over.png,94,22,"(Verificar nome)"
03-janelas,bagandinfo1__76_bagAndInfo.reworkname.check_over.png,bagandinfo1.swf,76_bagAndInfo.reworkname.check_over.png,94,22,"(Verificar nome)"
03-janelas,ddtstore__362.png,ddtstore.swf,362.png,374,227,""
03-janelas,ddtstore__27_asset.newStore.tabFine.selectedBtn.png,ddtstore.swf,27_asset.newStore.tabFine.selectedBtn.png,145,50,""
03-janelas,awardsystem1__81_asset.awardSystem.timeBox.GradeTip.png,awardsystem1.swf,81_asset.awardSystem.timeBox.GradeTip.png,300,47,"'Chúc mừng bạn nhận được Baú tân thủ, bạn nhận được phản thưởng:"
03-janelas,awardsystem__20_asset.awardSystem.timeBox.GradeTip.png,awardsystem.swf,20_asset.awardSystem.timeBox.GradeTip.png,300,47,"'Chúc mừng bạn nhận được Baú tân thủ, bạn nhận được phản thưởng:"
03-janelas,elitegame__25_EliteGame.pauungview._8_.png,elitegame.swf,25_EliteGame.pauungview.§8§.png,90,58,"Quartas de final"
03-janelas,ddtstore__99_asset.ddtstore.StoreIIFiveFailBitAsset.png,ddtstore.swf,99_asset.ddtstore.StoreIIFiveFailBitAsset.png,472,28,"(Fortalecimento Equipamento dưới Nível 5,không bị giảm Nível khi thát bại)"
03-janelas,academy__27.png,academy.swf,27.png,418,31,"Tên Nível Lực chiến Trạng thái I"
03-janelas,ddtstore__10_asset.newStore.tabStore.selectedBtn.png,ddtstore.swf,10_asset.newStore.tabStore.selectedBtn.png,145,50,""
03-janelas,store__104_asset.store.embedBackoutAlert.png,store.swf,104_asset.store.embedBackoutAlert.png,348,24,"Tháo châu báu cần. 200. Moedas, tiếp tục không?"
03-janelas,academy__30.png,academy.swf,30.png,68,54,""
03-janelas,elitegame__28_EliteGame.pauungview._16_.png,elitegame.swf,28_EliteGame.pauungview.§16§.png,90,58,"Fase de classificação"
03-janelas,elitegame__26_EliteGame.pauungview._4_.png,elitegame.swf,26_EliteGame.pauungview.§4§.png,90,58,"Semifinal"
03-janelas,bagandinfo2__38_bagAndInfo.bag.trieveBtnAsset.png,bagandinfo2.swf,38_bagAndInfo.bag.trieveBtnAsset.png,105,29,""
03-janelas,bagandinfo__38_bagAndInfo.bag.trieveBtnAsset.png,bagandinfo.swf,38_bagAndInfo.bag.trieveBtnAsset.png,105,29,""
03-janelas,auction__38_asset.auctionHouse.borwse.prev.png,auction.swf,38_asset.auctionHouse.borwse.prev.png,57,29,"(Anterior)"
03-janelas,calendar__24_Calendar.Activity.iconContent.png,calendar.swf,24_Calendar.Activity.iconContent.png,94,43,"Conteúdo:"
03-janelas,gameover__16_asset.experience.TotalExploitTxt.png,gameover.swf,16_asset.experience.TotalExploitTxt.png,140,38,"Mérito Total"
03-janelas,wonderfulactivity__68_carnicalAct.title1.png,wonderfulactivity.swf,68_carnicalAct.title1.png,198,43,""
03-janelas,wonderfulactivity__48_wonderfulactivity.newgamebenifit.progressframe.png,wonderfulactivity.swf,48_wonderfulactivity.newgamebenifit.progressframe.png,443,43,""
03-janelas,farm__242.png,farm.swf,242.png,100,37,"(Ajuda)"
03-janelas,consortionii__101_asset.chairmanChannel.jobManage.png,consortionii.swf,101_asset.chairmanChannel.jobManage.png,94,37,"Gerenciar cargo"
03-janelas,wonderfulactivity__31_carnicalAct.title16.png,wonderfulactivity.swf,31_carnicalAct.title16.png,183,41,"VIP Supremo"
03-janelas,vipview__8_asset.vip.vipStatusBtn1.png,vipview.swf,8_asset.vip.vipStatusBtn1.png,165,28,""
03-janelas,ddtstore__96_asset.ddtstore.FusionBtn.png,ddtstore.swf,96_asset.ddtstore.FusionBtn.png,107,35,"Fundir"
03-janelas,ddtstore__410.png,ddtstore.swf,410.png,313,52,"Lấy Equipamento vừa Fortalecimento đến Nível 3 bỏ vào khung Equipamentoo"
03-janelas,consortionii__67_asset.consortion.skllFrame.metal2.png,consortionii.swf,67_asset.consortion.skllFrame.metal2.png,108,42,"Medalhas"
03-janelas,cardsystem__36_asset.cardBag.cardBG.png,cardsystem.swf,36_asset.cardBag.cardBG.png,77,102,"Vị trí” Carta"
03-janelas,store__358.png,store.swf,358.png,313,52,"Lấy Equipamento vừa Fortalecimento đến Nível 3 bỏ vào khung Equipamentoe"
03-janelas,consortionii__123_asset.chairmanChannel.declaration.png,consortionii.swf,123_asset.chairmanChannel.declaration.png,94,37,"Anúncio do Clã"
03-janelas,awardsystem1__162.png,awardsystem1.swf,162.png,200,65,"Nhấp chọn để mở bảo Baú"
03-janelas,awardsystem__209.png,awardsystem.swf,209.png,200,65,"Nhấp chọn để mở bảo Baú"
03-janelas,consortionii__3_asset.chairmanChannel.upGrade.png,consortionii.swf,3_asset.chairmanChannel.upGrade.png,94,37,"⁄ ` Nâng Nível gulld"
03-janelas,farm__298_assets.farmHouse.selectHouseCompose.png,farm.swf,298_assets.farmHouse.selectHouseCompose.png,88,88,"Escolher comida"
03-janelas,vipview__22_asset.vip.giveOthersOpenedBtn2.png,vipview.swf,22_asset.vip.giveOthersOpenedBtn2.png,110,36,"(Abrir para amigos)"
03-janelas,consortionii__1_asset.consortion.SeltaskI.png,consortionii.swf,1_asset.consortion.SeltaskI.png,94,37,"Missão do Clã"
03-janelas,roulette__5_asset.roulette.number._bg-1_.png,roulette.swf,5_asset.roulette.number.§bg-1§.png,71,59,"vezes"
03-janelas,ddtstore__51_asset.ddtstore.TransferBtn.png,ddtstore.swf,51_asset.ddtstore.TransferBtn.png,94,33,"[Mover"
03-janelas,wonderfulactivity__10_carnicalAct.title7.png,wonderfulactivity.swf,10_carnicalAct.title7.png,192,38,""
03-janelas,academy__21_asset.academy.courtshipBtnAsset.png,academy.swf,21_asset.academy.courtshipBtnAsset.png,88,27,"Pedido de casamento,"
03-janelas,consortionii__71_asset.chairmanChannel.mail.png,consortionii.swf,71_asset.chairmanChannel.mail.png,94,37,"Carta do Clã"
03-janelas,gameover__94_asset.experience.attachExpItemTitle.png,gameover.swf,94_asset.experience.attachExpItemTitle.png,108,36,""
03-janelas,consortionii__13_asset.consortion.bank.title.png,consortionii.swf,13_asset.consortion.bank.title.png,322,22,""
03-janelas,wonderfulactivity__39_wonderful.sendGiftActivity.sendBtn.png,wonderfulactivity.swf,39_wonderful.sendGiftActivity.sendBtn.png,152,54,""
03-janelas,wonderfulactivity__75_carnicalAct.title11.png,wonderfulactivity.swf,75_carnicalAct.title11.png,175,43,"Evolução do Mascote"
03-janelas,consortion__73_asset.consortion.buyBadgeBtnTxt.png,consortion.swf,73_asset.consortion.buyBadgeBtnTxt.png,66,65,""
03-janelas,academy__4_asset.academy.talkBtnAsset.png,academy.swf,4_asset.academy.talkBtnAsset.png,88,27,"Chat privado"
03-janelas,consortionii__9_asset.chairmanChannel.transfer.png,consortionii.swf,9_asset.chairmanChannel.transfer.png,94,37,"Transferir Clã"
03-janelas,bagandinfo__99_asset.bagAndInfo.bag.NecklacePtetrochemicalView.PtetrochemicalBtn.png,bagandinfo.swf,99_asset.bagAndInfo.bag.NecklacePtetrochemicalView.PtetrochemicalBtn.png,141,49,""
03-janelas,activeevents__6_asset.activeEvents.iconContent.png,activeevents.swf,6_asset.activeEvents.iconContent.png,96,43,"Conteúdo:"
03-janelas,vipview__20_asset.vip.giveYourselfOpenBtn2.png,vipview.swf,20_asset.vip.giveYourselfOpenBtn2.png,110,36,""
03-janelas,store__88_asset.store.transfer.Hole.png,store.swf,88_asset.store.transfer.Hole.png,105,28,""
03-janelas,wonderfulactivity__107_asset.wonderful.RechargeBtn.png,wonderfulactivity.swf,107_asset.wonderful.RechargeBtn.png,118,49,"| Nạp Moedas |"
03-janelas,consortionii__103_asset.consortion.skillIcon._8_.jpg,consortionii.swf,103_asset.consortion.skillIcon.§8§.jpg,78,78,""
03-janelas,auction__24_asset.auctionHouse.Browse.MouthfulR.png,auction.swf,24_asset.auctionHouse.Browse.MouthfulR.png,88,27,"\"Preço final\""
03-janelas,auction__11_asset.auctionHouse.SellLeftAlerBg.png,auction.swf,11_asset.auctionHouse.SellLeftAlerBg.png,225,57,"Digite o valor do lance"
03-janelas,gameover__31_asset.experience.tabExploit.png,gameover.swf,31_asset.experience.tabExploit.png,85,27,"Mérito"
03-janelas,bagandinfo1__65_asset.cardSystemBtn1.png,bagandinfo1.swf,65_asset.cardSystemBtn1.png,105,38,"—”Ð‹ó.ýn nh Ấ7 Carta"
03-janelas,bagandinfo2__70_asset.cardSystemBtn1.png,bagandinfo2.swf,70_asset.cardSystemBtn1.png,105,38,"5” ẤT? Carta"
03-janelas,bagandinfo__70_asset.cardSystemBtn1.png,bagandinfo.swf,70_asset.cardSystemBtn1.png,105,38,"5” ẤT? Carta"
03-janelas,academycommon__30_asset.academyCommon.myAcademy.addFriendBtn.png,academycommon.swf,30_asset.academyCommon.myAcademy.addFriendBtn.png,85,28,"Adicionar amigo,"
03-janelas,academy__23_asset.academy.addBtnAsset.png,academy.swf,23_asset.academy.addBtnAsset.png,88,27,""
03-janelas,consortionii__50_asset.consortion.jobManage.pm2.png,consortionii.swf,50_asset.consortion.jobManage.pm2.png,129,106,"Editar aviso / Promover ou rebaixar / Expulsar / Recrutar / Guerra de Clã"
03-janelas,auction__63_asset.auctionHouse.Browse.BidR.png,auction.swf,63_asset.auctionHouse.Browse.BidR.png,88,27,""
03-janelas,ddtstore__295.png,ddtstore.swf,295.png,91,26,""
03-janelas,consortion__13_asset.placardAndEvent.weekOffer1.png,consortion.swf,13_asset.placardAndEvent.weekOffer1.png,77,34,"Pontos de Contribuição Semanal"
03-janelas,wonderfulactivity__94_wonderfulactivity.strength6.png,wonderfulactivity.swf,94_wonderfulactivity.strength6.png,90,43,""
03-janelas,awardsystem1__30_asset.awardSystem.timeBox.VipTip.png,awardsystem1.swf,30_asset.awardSystem.timeBox.VipTip.png,332,23,"Você já tem a Bolsa VIP, recebeu a recompensa:"
03-janelas,awardsystem__76_asset.awardSystem.timeBox.VipTip.png,awardsystem.swf,76_asset.awardSystem.timeBox.VipTip.png,332,23,"Você já tem a Bolsa VIP, recebeu a recompensa:"
03-janelas,gameover__43_asset.experience.fightExpItemTxt_b2.png,gameover.swf,43_asset.experience.fightExpItemTxt_b2.png,107,28,""
03-janelas,academy__20_asset.academy.equipBtnAsset.png,academy.swf,20_asset.academy.equipBtnAsset.png,88,27,"ˆ Equipamento"
03-janelas,elitegame__1_EliteGame.ruleView.showRank.png,elitegame.swf,1_EliteGame.ruleView.showRank.png,126,33,""
03-janelas,ddtstore__54_asset.ddtstore.TransferArrow.png,ddtstore.swf,54_asset.ddtstore.TransferArrow.png,112,75,""
03-janelas,labyrinth__7_ddt.labyrinth.doubleAward.png,labyrinth.swf,7_ddt.labyrinth.doubleAward.png,110,43,"Use Pedra da Sorte para dobrar a recompensa"
03-janelas,cardsystem__56_asset.cardEquipView.mainCardWord.png,cardsystem.swf,56_asset.cardEquipView.mainCardWord.png,98,23,"Carta principal"
03-janelas,consortion__12_asset.placardAndEvent.weekOffer2.png,consortion.swf,12_asset.placardAndEvent.weekOffer2.png,72,30,"Pontos de Contribuição Semanal"
03-janelas,consortion__70_asset.placardAndEvent.event1.png,consortion.swf,70_asset.placardAndEvent.event1.png,66,34,""
03-janelas,elitegame__20_EliteGame.ruleView.joinScoreRoom.png,elitegame.swf,20_EliteGame.ruleView.joinScoreRoom.png,126,33,""
03-janelas,worldboss__29.png,worldboss.swf,29.png,373,16,"Atenção: válido durante o dia; os pontos restantes serão convertidos em experiência ou mérito"
03-janelas,wonderfulactivity__22_wonderfulactivity.getover.png,wonderfulactivity.swf,22_wonderfulactivity.getover.png,106,41,""
03-janelas,quest__32_asset.core.quest.QuestCateTitle1Expanded.png,quest.swf,32_asset.core.quest.QuestCateTitle1Expanded.png,208,34,"-› Missão chủ tuyến"
03-janelas,academycommon__32_asset.academyCommon.myAcademy.emailBtn.png,academycommon.swf,32_asset.academyCommon.myAcademy.emailBtn.png,85,28,""
03-janelas,vipview__23_asset.vip.giveOthersOpenedBtn1.png,vipview.swf,23_asset.vip.giveOthersOpenedBtn1.png,100,27,"Abrir para amigos"
03-janelas,consortionii__133_asset.consortion.shop.coinbg.png,consortionii.swf,133_asset.consortion.shop.coinbg.png,335,18,"((3Ouro ... G)(7 Moedas )"
03-janelas,consortiabattle__3_asset.consortiaBattle.stayRes.png,consortiabattle.swf,3_asset.consortiaBattle.stayRes.png,102,40,"(Reviver)"
03-janelas,luckstar__9_luckyStar.view.RankBtnBG.png,luckstar.swf,9_luckyStar.view.RankBtnBG.png,109,32,"[Tabela de Classificação]"
03-janelas,wonderfulactivity__24_wonderfulactivity.big.get.png,wonderfulactivity.swf,24_wonderfulactivity.big.get.png,106,41,""
03-janelas,activeevents__5_asset.activeEvents.iconGive.png,activeevents.swf,5_asset.activeEvents.iconGive.png,97,34,"Tempo:"
03-janelas,auction__10_asset.auctionHouse.Browse.BidBG.png,auction.swf,10_asset.auctionHouse.Browse.BidBG.png,222,50,""
03-janelas,consortiabattle__7_asset.consortiaBattle.doubleScoreBtn.png,consortiabattle.swf,7_asset.consortiaBattle.doubleScoreBtn.png,100,40,""
03-janelas,quest__50_asset.core.quest.QuestCateTitle3Expanded.png,quest.swf,50_asset.core.quest.QuestCateTitle3Expanded.png,212,34,"< Missão hàng ngày"
03-janelas,gameover__30_asset.experience.tabName.png,gameover.swf,30_asset.experience.tabName.png,80,26,""
03-janelas,awardsystem1__69_ddt.view.cardBoxCaddy.openAll.png,awardsystem1.swf,69_ddt.view.cardBoxCaddy.openAll.png,112,32,"Abrir tudo"
03-janelas,awardsystem__34_ddt.view.cardBoxCaddy.openAll.png,awardsystem.swf,34_ddt.view.cardBoxCaddy.openAll.png,112,32,"Abrir tudo"
03-janelas,bagandinfo2__60_bagAndInfo.bag.continueGoodsAsset.png,bagandinfo2.swf,60_bagAndInfo.bag.continueGoodsAsset.png,55,28,"Taxa;"
03-janelas,bagandinfo1__57_bagAndInfo.bag.continueGoodsAsset.png,bagandinfo1.swf,57_bagAndInfo.bag.continueGoodsAsset.png,55,28,"Taxa;"
03-janelas,bagandinfo__60_bagAndInfo.bag.continueGoodsAsset.png,bagandinfo.swf,60_bagAndInfo.bag.continueGoodsAsset.png,55,28,"Taxa;"
03-janelas,consortion__69_asset.placardAndEvent.event2.png,consortion.swf,69_asset.placardAndEvent.event2.png,59,30,"“Evento) kiện N guild"
03-janelas,calendar__4_Calendar.Activity.iconTime.png,calendar.swf,4_Calendar.Activity.iconTime.png,96,27,"Tempo:"
03-janelas,ddtstore__253.png,ddtstore.swf,253.png,74,26,""
03-janelas,awardsystem1__6_asset.caddy.badLuck.MyNumberBG.png,awardsystem1.swf,6_asset.caddy.badLuck.MyNumberBG.png,255,34,"Quantidade de pedras"
03-janelas,awardsystem__44_asset.caddy.badLuck.MyNumberBG.png,awardsystem.swf,44_asset.caddy.badLuck.MyNumberBG.png,255,34,"Quantidade de pedras"
03-janelas,farm__144.png,farm.swf,144.png,45,45,""
03-janelas,quest__3_asset.core.quest.QuestCateTitle6Expanded.png,quest.swf,3_asset.core.quest.QuestCateTitle6Expanded.png,207,41,"s Missão tu luyện"
03-janelas,consortion__17_asset.consortion.taskI.png,consortion.swf,17_asset.consortion.taskI.png,59,30,"Missão do Clã"
03-janelas,ddtstore__28_asset.newStore.tabFine.unSelectedBtn.png,ddtstore.swf,28_asset.newStore.tabFine.unSelectedBtn.png,113,41,"Processamento"
03-janelas,consortia__54_asset.consortia.myConsortiaView.consortiaEventBtn1.png,consortia.swf,54_asset.consortia.myConsortiaView.consortiaEventBtn1.png,100,30,"An Evento guild"
03-janelas,academy__9_asset.academy.preBtnAsset.png,academy.swf,9_asset.academy.preBtnAsset.png,57,29,"(Anterior)"
03-janelas,consortion__30_asset.placardAndEvent.placard2.png,consortion.swf,30_asset.placardAndEvent.placard2.png,59,30,"Aviso do Clã"
03-janelas,farm__83_asset.farm.baseImage1.png,farm.swf,83_asset.farm.baseImage1.png,158,32,""
03-janelas,quest__47_asset.core.quest.QuestCateTitle7Expanded.png,quest.swf,47_asset.core.quest.QuestCateTitle7Expanded.png,191,41,"ss Missão sử thi"
03-janelas,ddtstore__8_asset.newStore.emblem.unSelectedBtn.png,ddtstore.swf,8_asset.newStore.emblem.unSelectedBtn.png,113,41,""
03-janelas,calendar__11_Calendar.Activity.openBag.png,calendar.swf,11_Calendar.Activity.openBag.png,82,27,""
03-janelas,awardsystem__64_asset.bead.selectNodeI.png,awardsystem.swf,64_asset.bead.selectNodeI.png,174,19,"Nhấp chọn loại Baú muốn mở"
03-janelas,awardsystem__63_asset.bead.selectNode.png,awardsystem.swf,63_asset.bead.selectNode.png,174,19,"Nhắấp chọn loại Baú muốn mở"
03-janelas,vipview__21_asset.vip.giveYourselfOpenBtn1.png,vipview.swf,21_asset.vip.giveYourselfOpenBtn1.png,100,27,"Abrir para si mesmo"
03-janelas,awardsystem1__41_asset.bead.selectNodeI.png,awardsystem1.swf,41_asset.bead.selectNodeI.png,174,19,"Nhắấp chọn loại Baú muốn mở"
03-janelas,quest__45_asset.core.quest.QuestCateTitle4Expanded.png,quest.swf,45_asset.core.quest.QuestCateTitle4Expanded.png,188,34,"ss Missão Evento"
03-janelas,bagandinfo1__69_bagAndInfo.info.buyAvatarAsset.png,bagandinfo1.swf,69_bagAndInfo.info.buyAvatarAsset.png,90,27,"[Desfile de moda!"
03-janelas,bagandinfo2__74_bagAndInfo.info.buyAvatarAsset.png,bagandinfo2.swf,74_bagAndInfo.info.buyAvatarAsset.png,90,27,"[Desfile de moda]"
03-janelas,bagandinfo__74_bagAndInfo.info.buyAvatarAsset.png,bagandinfo.swf,74_bagAndInfo.info.buyAvatarAsset.png,90,27,"[Desfile de moda]"
03-janelas,store__82_asset.store.embedOpenHoleBtn.png,store.swf,82_asset.store.embedOpenHoleBtn.png,62,27,""
03-janelas,awardsystem__102_asset.caddy.AwardsNode.png,awardsystem.swf,102_asset.caddy.AwardsNode.png,117,31,"Recompensa"
03-janelas,ddtstore__43_asset.newStore.tabForge.unSelectedBtn.png,ddtstore.swf,43_asset.newStore.tabForge.unSelectedBtn.png,113,41,"Forja"
03-janelas,calendar__14_Calendar.LuckyNum.Grid.png,calendar.swf,14_Calendar.LuckyNum.Grid.png,224,46,""
03-janelas,consortionclub__33_asset.club.applyRecordBtn1.png,consortionclub.swf,33_asset.club.applyRecordBtn1.png,100,30,"Solicitação"
03-janelas,consortionclub__10_asset.club.inviteRecord1.png,consortionclub.swf,10_asset.club.inviteRecord1.png,100,30,"Convite"
03-janelas,quest__1_asset.core.quest.QuestCateTitle5Expanded.png,quest.swf,1_asset.core.quest.QuestCateTitle5Expanded.png,151,34,"ss Missão VỊP"
03-janelas,cardsystem__40_asset.cardCell.upGrade.png,cardsystem.swf,40_asset.cardCell.upGrade.png,48,23,"ø \"` Thăng(Nível [nEss cểh]"
03-janelas,bagandinfo2__24_bagAndInfo.cellMenu.moveOverAsset.png,bagandinfo2.swf,24_bagAndInfo.cellMenu.moveOverAsset.png,88,26,"Mover"
03-janelas,bagandinfo1__27_bagAndInfo.cellMenu.moveOverAsset.png,bagandinfo1.swf,27_bagAndInfo.cellMenu.moveOverAsset.png,88,26,"Mover"
03-janelas,bagandinfo__24_bagAndInfo.cellMenu.moveOverAsset.png,bagandinfo.swf,24_bagAndInfo.cellMenu.moveOverAsset.png,88,26,"Mover"
03-janelas,quest__7_asset.core.quest.QuestCateTitle2Expanded.png,quest.swf,7_asset.core.quest.QuestCateTitle2Expanded.png,156,34,"ss Missão phụ"
03-janelas,store__121_asset.store.embedBackoutDownItem.png,store.swf,121_asset.store.embedBackoutDownItem.png,63,27,"Remover"
03-janelas,bagandinfo2__20_bagAndInfo.cellMenu.useAsset.png,bagandinfo2.swf,20_bagAndInfo.cellMenu.useAsset.png,73,19,"Usar"
03-janelas,bagandinfo__20_bagAndInfo.cellMenu.useAsset.png,bagandinfo.swf,20_bagAndInfo.cellMenu.useAsset.png,73,19,"Usar"
03-janelas,ddtstore__277.png,ddtstore.swf,277.png,48,26,"Outros"
03-janelas,bagandinfo1__24_bagAndInfo.cellMenu.useAsset.png,bagandinfo1.swf,24_bagAndInfo.cellMenu.useAsset.png,73,19,"Usar"
03-janelas,cardsystem__6_asset.cardEquipView.viceCard1.png,cardsystem.swf,6_asset.cardEquipView.viceCard1.png,54,17,"Aba 1"
03-janelas,consortionclub__27_asset.club.consortionLists.png,consortionclub.swf,27_asset.club.consortionLists.png,120,43,"Lista do Clã"
03-janelas,cardsystem__12_asset.cardEquipView.viceCard3.png,cardsystem.swf,12_asset.cardEquipView.viceCard3.png,54,17,"Aba 3"
03-janelas,cardsystem__10_asset.cardEquipView.viceCard2.png,cardsystem.swf,10_asset.cardEquipView.viceCard2.png,54,17,"Aba 2"
03-janelas,cardsystem__16_asset.cardEquipView.viceCard4.png,cardsystem.swf,16_asset.cardEquipView.viceCard4.png,54,17,"Aba 4"
03-janelas,bagandinfo1__7_bagAndInfo.bag.sellGoodsAsset.png,bagandinfo1.swf,7_bagAndInfo.bag.sellGoodsAsset.png,55,28,"Vender"
03-janelas,bagandinfo2__75_bagAndInfo.bag.sellGoodsAsset.png,bagandinfo2.swf,75_bagAndInfo.bag.sellGoodsAsset.png,55,28,"Vender"
03-janelas,bagandinfo__75_bagAndInfo.bag.sellGoodsAsset.png,bagandinfo.swf,75_bagAndInfo.bag.sellGoodsAsset.png,55,28,"Vender"
03-janelas,quest__55_asset.core.quest.collectInfo.Check.png,quest.swf,55_asset.core.quest.collectInfo.Check.png,51,27,""
03-janelas,consortiabattle__20.png,consortiabattle.swf,20.png,94,37,""
03-janelas,ddtstore__13_asset.store.evolutionLock.png,ddtstore.swf,13_asset.store.evolutionLock.png,108,35,""
03-janelas,ddtstore__62_asset.ddtstore.strengthNumTxt.png,ddtstore.swf,62_asset.ddtstore.strengthNumTxt.png,112,16,"(Sá lượng Pedra de Fortalecimento!"
03-janelas,wonderfulactivity__109_wonderfulactivity.orderNo2Asset.png,wonderfulactivity.swf,109_wonderfulactivity.orderNo2Asset.png,49,27,""
03-janelas,farm__4_assets.farm.newPetCome.png,farm.swf,4_assets.farm.newPetCome.png,70,23,"Mascote Raro"
03-janelas,auction__8_asset.auctionHouse.topLb5.jpg,auction.swf,8_asset.auctionHouse.topLb5.jpg,154,28,""
03-janelas,store__112_asset.store.consortiaBG.png,store.swf,112_asset.store.consortiaBG.png,91,23,"Entrar no Clã"
03-janelas,quest__2_asset.core.quest.QuestCateTitle5Collapsed.png,quest.swf,2_asset.core.quest.QuestCateTitle5Collapsed.png,151,37,""
03-janelas,academy__10_asset.academy.online_Asset.png,academy.swf,10_asset.academy.online_Asset.png,92,14,""
03-janelas,bagandinfo2__26_bagAndInfo.cellMenu.moveAsset.png,bagandinfo2.swf,26_bagAndInfo.cellMenu.moveAsset.png,74,19,"Mover"
03-janelas,bagandinfo__26_bagAndInfo.cellMenu.moveAsset.png,bagandinfo.swf,26_bagAndInfo.cellMenu.moveAsset.png,74,19,"Mover"
03-janelas,consortionclub__26_asset.club.contactChairmanBtn.png,consortionclub.swf,26_asset.club.contactChairmanBtn.png,71,23,""
03-janelas,bagandinfo1__29_bagAndInfo.cellMenu.moveAsset.png,bagandinfo1.swf,29_bagAndInfo.cellMenu.moveAsset.png,74,19,"Mover"
03-janelas,farm__24_assets.farmShop.unSelectManure.png,farm.swf,24_assets.farmShop.unSelectManure.png,136,22,"Poção de crescimento"
03-janelas,auction__23_asset.auctionHouse.topLb4.jpg,auction.swf,23_asset.auctionHouse.topLb4.jpg,146,28,""
03-janelas,consortionii__58_asset.consortion.shop.offerbg.png,consortionii.swf,58_asset.consortion.shop.offerbg.png,138,23,"Mérito"
03-janelas,ddtstore__86_asset.store.SelectMoneyTip.png,ddtstore.swf,86_asset.store.SelectMoneyTip.png,90,26,"Tipo de pagamento"
03-janelas,store__72_asset.store.SelectMoneyTip.png,store.swf,72_asset.store.SelectMoneyTip.png,90,26,"Tipo de pagamento:"
03-janelas,auction__22_asset.auctionHouse.topLb1.jpg,auction.swf,22_asset.auctionHouse.topLb1.jpg,218,28,"Nome;"
03-janelas,consortionii__44_asset.consortion.takeIn.selectAll2.png,consortionii.swf,44_asset.consortion.takeIn.selectAll2.png,61,23,"Selecionar tudo"
03-janelas,bagandinfo2__18_bagAndInfo.cellMenu.openOverAsset.png,bagandinfo2.swf,18_bagAndInfo.cellMenu.openOverAsset.png,88,26,""
03-janelas,bagandinfo1__22_bagAndInfo.cellMenu.openOverAsset.png,bagandinfo1.swf,22_bagAndInfo.cellMenu.openOverAsset.png,88,26,""
03-janelas,bagandinfo__18_bagAndInfo.cellMenu.openOverAsset.png,bagandinfo.swf,18_bagAndInfo.cellMenu.openOverAsset.png,88,26,""
03-janelas,consortionii__8_asset.consortion.shop.ttOfferBg.png,consortionii.swf,8_asset.consortion.shop.ttOfferBg.png,138,23,""
03-janelas,store__35_asset.store.FusionSuccessRates.png,store.swf,35_asset.store.FusionSuccessRates.png,45,34,"\"Sucesso\""
03-janelas,labyrinth__6_ddt.labyrinth.todayNum.png,labyrinth.swf,6_ddt.labyrinth.todayNum.png,126,28,"\"Desafiar\""
03-janelas,awardsystem1__75_asset.caddy.NodeAsset.png,awardsystem1.swf,75_asset.caddy.NodeAsset.png,167,22,"Mở Baú tiêu hao 4 búa"
03-janelas,awardsystem__27_asset.caddy.NodeAsset.png,awardsystem.swf,27_asset.caddy.NodeAsset.png,167,22,"Mở Baú tiêu hao 4 búa"
03-janelas,farm__77_assets.farmShop.btnCompose.png,farm.swf,77_assets.farmShop.btnCompose.png,78,18,"Fusão"
03-janelas,bagandinfo2__98_bagAndInfo.cellMenu.openBatchOverAsset.png,bagandinfo2.swf,98_bagAndInfo.cellMenu.openBatchOverAsset.png,88,26,"Mais"
03-janelas,bagandinfo1__96_bagAndInfo.cellMenu.openBatchOverAsset.png,bagandinfo1.swf,96_bagAndInfo.cellMenu.openBatchOverAsset.png,88,26,"Mais"
03-janelas,bagandinfo__98_bagAndInfo.cellMenu.openBatchOverAsset.png,bagandinfo.swf,98_bagAndInfo.cellMenu.openBatchOverAsset.png,88,26,"Mais"
03-janelas,consortionclub__31_asset.club.canelApply.png,consortionclub.swf,31_asset.club.canelApply.png,73,22,"Cancelar solicitação,"
03-janelas,awardsystem1__1_asset.caddy.lookFont.png,awardsystem1.swf,1_asset.caddy.lookFont.png,258,24,"Probabilidade de receber os seguintes itens"
03-janelas,consortionclub__6_asset.club.memberNums.png,consortionclub.swf,6_asset.club.memberNums.png,54,35,"PESSOA"
03-janelas,awardsystem__118_asset.caddy.lookFont.png,awardsystem.swf,118_asset.caddy.lookFont.png,258,24,"Probabilidade de receber os seguintes itens"
03-janelas,bagandinfo2__42_bagAndInfo.cellMenu.addPriceAsset.png,bagandinfo2.swf,42_bagAndInfo.cellMenu.addPriceAsset.png,76,20,"Custo"
03-janelas,bagandinfo__42_bagAndInfo.cellMenu.addPriceAsset.png,bagandinfo.swf,42_bagAndInfo.cellMenu.addPriceAsset.png,76,20,"Custo"
03-janelas,bagandinfo1__42_bagAndInfo.cellMenu.addPriceAsset.png,bagandinfo1.swf,42_bagAndInfo.cellMenu.addPriceAsset.png,76,20,"Custo"
03-janelas,awardsystem1__74_asset.caddy.NodeBagAsset.png,awardsystem1.swf,74_asset.caddy.NodeBagAsset.png,137,31,"Selecione o item para guardar na bolsa"
03-janelas,consortionclub__35_asset.club.acceptInvite.png,consortionclub.swf,35_asset.club.acceptInvite.png,73,22,""
03-janelas,awardsystem__28_asset.caddy.NodeBagAsset.png,awardsystem.swf,28_asset.caddy.NodeBagAsset.png,137,31,"Selecione o item para guardar na bolsa"
03-janelas,elitegame__19_EliteGame.scoreRank.myRank.png,elitegame.swf,19_EliteGame.scoreRank.myRank.png,84,24,"Sua classificação"
03-janelas,awardsystem__12_asset.caddy.FontII.png,awardsystem.swf,12_asset.caddy.FontII.png,74,19,"Bolsa atual:"
03-janelas,noviceactivity__2_asset.novice.rightview.awarditem.alreadygetbtn.png,noviceactivity.swf,2_asset.novice.rightview.awarditem.alreadygetbtn.png,67,28,"[Recebido]"
03-janelas,awardsystem__58_asset.RBadLuck.FontR.png,awardsystem.swf,58_asset.RBadLuck.FontR.png,291,24,"Os 10 melhores jogadores recebem recompensas"
03-janelas,quest__9_asset.core.quest.collectInfo.Send.png,quest.swf,9_asset.core.quest.collectInfo.Send.png,51,27,"Enviar"
03-janelas,elitegame__17_EliteGame.scoreRank.nameBmp.png,elitegame.swf,17_EliteGame.scoreRank.nameBmp.png,62,24,""
03-janelas,quest__59_asset.core.quest.collectInfo.Already.png,quest.swf,59_asset.core.quest.collectInfo.Already.png,68,27,"Enviado"
03-janelas,consortionii__49_asset.consortion.jobManage.pm3.png,consortionii.swf,49_asset.consortion.jobManage.pm3.png,72,44,"Recrutar / Guerra de Clã"
03-janelas,bagandinfo1__23_bagAndInfo.cellMenu.openAsset.png,bagandinfo1.swf,23_bagAndInfo.cellMenu.openAsset.png,73,20,"Abrir"
03-janelas,bagandinfo2__19_bagAndInfo.cellMenu.openAsset.png,bagandinfo2.swf,19_bagAndInfo.cellMenu.openAsset.png,73,20,"Abrir"
03-janelas,bagandinfo__19_bagAndInfo.cellMenu.openAsset.png,bagandinfo.swf,19_bagAndInfo.cellMenu.openAsset.png,73,20,"Abrir"
03-janelas,consortia__9_asset.consortia.myConsortiaView.titleWord3.png,consortia.swf,9_asset.consortia.myConsortiaView.titleWord3.png,49,36,"Pessoa"
03-janelas,bagandinfo2__21_bagAndInfo.cellMenu.useOverAsset.png,bagandinfo2.swf,21_bagAndInfo.cellMenu.useOverAsset.png,88,26,"Usar"
03-janelas,bagandinfo1__9_bagAndInfo.cellMenu.useOverAsset.png,bagandinfo1.swf,9_bagAndInfo.cellMenu.useOverAsset.png,88,26,"Usar"
03-janelas,bagandinfo__21_bagAndInfo.cellMenu.useOverAsset.png,bagandinfo.swf,21_bagAndInfo.cellMenu.useOverAsset.png,88,26,"Usar"
03-janelas,store__9_asset.store.shortCutPayTip.png,store.swf,9_asset.store.shortCutPayTip.png,145,20,"Você deve pagar no total:"
03-janelas,awardsystem1__52_asset.bead.quickFont1.png,awardsystem1.swf,52_asset.bead.quickFont1.png,145,20,"Você deve pagar no total:"
03-janelas,awardsystem__52_asset.bead.quickFont1.png,awardsystem.swf,52_asset.bead.quickFont1.png,145,20,"Você deve pagar no total:"
03-janelas,awardsystem__91_asset.awardSystem.AutoOpen.png,awardsystem.swf,91_asset.awardSystem.AutoOpen.png,66,19,"(aberto, contínuo:"
03-janelas,awardsystem1__17_asset.awardSystem.AutoOpen.png,awardsystem1.swf,17_asset.awardSystem.AutoOpen.png,66,19,"[aberto, contínuo:"
03-janelas,forgemain1__10_asset.awardSystem.bagEquip.png,forgemain1.swf,10_asset.awardSystem.bagEquip.png,176,26,"Nhấp để tiền hành dát Ouro"
03-janelas,consortionii__7_asset.consortion.takeIn.agree1.png,consortionii.swf,7_asset.consortion.takeIn.agree1.png,58,19,"Ok"
03-janelas,forgemain__16_asset.awardSystem.bagEquip.png,forgemain.swf,16_asset.awardSystem.bagEquip.png,176,26,"Nhấp để tiến hành đát Ouro"
03-janelas,consortion__35_asset.conortionTask.notask.png,consortion.swf,35_asset.conortionTask.notask.png,181,35,"O líder do Clã não anunciou uma nova missão!"
03-janelas,consortionii__45_asset.consortion.takeIn.selectAll1.png,consortionii.swf,45_asset.consortion.takeIn.selectAll1.png,58,19,"Selecionar tudo"
03-janelas,consortionii__11_asset.consortion.mail.topword.png,consortionii.swf,11_asset.consortion.mail.topword.png,71,43,"Destinatário / Assunto"
03-janelas,quest__18_asset.core.quest.QuestInfoPlanTitle.png,quest.swf,18_asset.core.quest.QuestInfoPlanTitle.png,103,21,"kiến độiMissãoi"
03-janelas,gameover__63_asset.experience.exploitExpItemTxt_a0.png,gameover.swf,63_asset.experience.exploitExpItemTxt_a0.png,121,25,"Mérito de Combate"
03-janelas,bagandinfo2__25_bagAndInfo.cellMenu.addPriceOverAsset.jpg,bagandinfo2.swf,25_bagAndInfo.cellMenu.addPriceOverAsset.jpg,88,26,"Custo"
03-janelas,bagandinfo1__28_bagAndInfo.cellMenu.addPriceOverAsset.jpg,bagandinfo1.swf,28_bagAndInfo.cellMenu.addPriceOverAsset.jpg,88,26,"Custo"
03-janelas,bagandinfo__25_bagAndInfo.cellMenu.addPriceOverAsset.jpg,bagandinfo.swf,25_bagAndInfo.cellMenu.addPriceOverAsset.jpg,88,26,"Custo"
03-janelas,consortia__43_asset.consortia.memberList.Job.png,consortia.swf,43_asset.consortia.memberList.Job.png,37,20,""
03-janelas,elitegame__9_EliteGame.scoreRank.rankBmp.png,elitegame.swf,9_EliteGame.scoreRank.rankBmp.png,61,22,"Classificação"
03-janelas,awardsystem1__80_asset.awardSystem.NoteBtnBG.png,awardsystem1.swf,80_asset.awardSystem.NoteBtnBG.png,84,20,"Ajuda"
03-janelas,store__89_asset.store.NoteBtnBG.png,store.swf,89_asset.store.NoteBtnBG.png,84,20,"Ajuda"
03-janelas,awardsystem__21_asset.awardSystem.NoteBtnBG.png,awardsystem.swf,21_asset.awardSystem.NoteBtnBG.png,84,20,"Ajuda"
03-janelas,store__106_asset.store.CheckBtnGiftBG.png,store.swf,106_asset.store.CheckBtnGiftBG.png,62,34,"Quantia do presente"
03-janelas,consortion__52_asset.memberList.job.png,consortion.swf,52_asset.memberList.job.png,37,20,""
03-janelas,ddtstore__57_asset.newFusion.canFusion.png,ddtstore.swf,57_asset.newFusion.canFusion.png,49,21,"Aprimorar"
03-janelas,vipview__12_asset.vip.repeatName.png,vipview.swf,12_asset.vip.repeatName.png,86,20,""
03-janelas,store__159_asset.store.consortiaManager.png,store.swf,159_asset.store.consortiaManager.png,73,20,""
03-janelas,awardsystem__85_asset.card.getFont.png,awardsystem.swf,85_asset.card.getFont.png,72,25,"Carta nhận được"
03-janelas,bagandinfo1__85_bagAndInfo.cellMenu.openBatchAsset.png,bagandinfo1.swf,85_bagAndInfo.cellMenu.openBatchAsset.png,72,20,"Mais"
03-janelas,awardsystem1__22_asset.card.getFont.png,awardsystem1.swf,22_asset.card.getFont.png,72,25,"Carta nhận được"
03-janelas,bagandinfo2__94_bagAndInfo.cellMenu.openBatchAsset.png,bagandinfo2.swf,94_bagAndInfo.cellMenu.openBatchAsset.png,72,20,"Mais"
03-janelas,bagandinfo__94_bagAndInfo.cellMenu.openBatchAsset.png,bagandinfo.swf,94_bagAndInfo.cellMenu.openBatchAsset.png,72,20,"Mais"
03-janelas,consortionii__70_asset.consortion.shop.manager.png,consortionii.swf,70_asset.consortion.shop.manager.png,73,20,"Gerenciar"
03-janelas,awardsystem1__97_ddt.view.caddy.OfferPack.consortiaManager.png,awardsystem1.swf,97_ddt.view.caddy.OfferPack.consortiaManager.png,73,20,"Gerenciar"
03-janelas,awardsystem__3_ddt.view.caddy.OfferPack.consortiaManager.png,awardsystem.swf,3_ddt.view.caddy.OfferPack.consortiaManager.png,73,20,"Gerenciar"
03-janelas,gameover__47_asset.experience.fightExpItemTxt_a2.png,gameover.swf,47_asset.experience.fightExpItemTxt_a2.png,107,23,"Resultado do combate"
03-janelas,vipview__1_asset.vip.name.png,vipview.swf,1_asset.vip.name.png,78,19,""
03-janelas,consortia__45_asset.consortia.myConsortiaView.helpBtn.png,consortia.swf,45_asset.consortia.myConsortiaView.helpBtn.png,73,20,"(Ajuda)"
03-janelas,bagandinfo2__40_asset.bagAndInfo.itemOpenUp.png,bagandinfo2.swf,40_asset.bagAndInfo.itemOpenUp.png,195,22,"Você recebeu o item:"
03-janelas,bagandinfo1__40_asset.bagAndInfo.itemOpenUp.png,bagandinfo1.swf,40_asset.bagAndInfo.itemOpenUp.png,195,22,"Você recebeu o item:"
03-janelas,bagandinfo__40_asset.bagAndInfo.itemOpenUp.png,bagandinfo.swf,40_asset.bagAndInfo.itemOpenUp.png,195,22,"Você recebeu o item:"
03-janelas,farm__74_asset.farmHouse.composeBg.png,farm.swf,74_asset.farmHouse.composeBg.png,52,52,""
03-janelas,store__101_asset.store.EmbedNodeBtn.png,store.swf,101_asset.store.EmbedNodeBtn.png,86,20,"Guia"
03-janelas,store__4_asset.store.transfNodeBtn.png,store.swf,4_asset.store.transfNodeBtn.png,86,20,""
03-janelas,gameover__86_asset.experience.attachExpItemTxt_a7.png,gameover.swf,86_asset.experience.attachExpItemTxt_a7.png,109,25,"Encontrar oponente forte"
03-janelas,gameover__60_asset.experience.exploitExpItemTxt_a3.png,gameover.swf,60_asset.experience.exploitExpItemTxt_a3.png,101,25,""
03-janelas,consortion__36_asset.memberList.name.png,consortion.swf,36_asset.memberList.name.png,37,20,""
03-janelas,store__141_asset.store.ComposeNodeBtn.png,store.swf,141_asset.store.ComposeNodeBtn.png,88,20,""
03-janelas,consortia__25_asset.consortia.memberList.name.png,consortia.swf,25_asset.consortia.memberList.name.png,37,20,""
03-janelas,consortion__62_asset.consortion.pollFrame.helpBtn.png,consortion.swf,62_asset.consortion.pollFrame.helpBtn.png,84,20,"Ajuda"
03-janelas,gameover__62_asset.experience.exploitExpItemTxt_a1.png,gameover.swf,62_asset.experience.exploitExpItemTxt_a1.png,94,25,""
03-janelas,consortionii__135_asset.consortion.jobManage.change.png,consortionii.swf,135_asset.consortion.jobManage.change.png,42,18,"Alterar,"
03-janelas,gameover__88_asset.experience.attachExpItemTxt_a5.png,gameover.swf,88_asset.experience.attachExpItemTxt_a5.png,98,25,"Equipe mestre-discípulo"
03-janelas,gameover__48_asset.experience.fightExpItemTxt_a1.png,gameover.swf,48_asset.experience.fightExpItemTxt_a1.png,90,25,"Dano"
03-janelas,consortionii__132_asset.consortion.jobManage.comfirm.png,consortionii.swf,132_asset.consortion.jobManage.comfirm.png,42,18,"Confirmar"
03-janelas,gameover__89_asset.experience.attachExpItemTxt_a4.png,gameover.swf,89_asset.experience.attachExpItemTxt_a4.png,98,25,"Mestre-discípulo online"
03-janelas,consortionii__47_asset.consortion.jobManage.pm5.png,consortionii.swf,47_asset.consortion.jobManage.pm5.png,66,22,"Guerra de Clã"
03-janelas,consortionii__48_asset.consortion.jobManage.pm4.png,consortionii.swf,48_asset.consortion.jobManage.pm4.png,66,21,"Guerra de Clã"
03-janelas,auction__21_asset.auctionHouse.Notes.png,auction.swf,21_asset.auctionHouse.Notes.png,73,20,"(Detalhes)"
03-janelas,gameover__92_asset.experience.attachExpItemTxt_a1.png,gameover.swf,92_asset.experience.attachExpItemTxt_a1.png,92,25,"Guerra de Clã"
03-janelas,gameover__58_asset.experience.exploitExpItemTxt_a5.png,gameover.swf,58_asset.experience.exploitExpItemTxt_a5.png,87,25,"Guerra de Clã"
03-janelas,gameover__91_asset.experience.attachExpItemTxt_a2.png,gameover.swf,91_asset.experience.attachExpItemTxt_a2.png,74,25,"Casal"
03-janelas,gameover__49_asset.experience.fightExpItemTxt_a0.png,gameover.swf,49_asset.experience.fightExpItemTxt_a0.png,81,25,"Derrotar oponente"
03-janelas,gameover__87_asset.experience.attachExpItemTxt_a6.png,gameover.swf,87_asset.experience.attachExpItemTxt_a6.png,92,25,""
03-janelas,consortionii__124_asset.consortion.skillFrame.day.png,consortionii.swf,124_asset.consortion.skillFrame.day.png,40,20,"Dia,"
03-janelas,consortionii__12_asset.consortion.bankFrame.title.png,consortionii.swf,12_asset.consortion.bankFrame.title.png,237,21,"(outros membros não podem usar)"
03-janelas,gameover__93_asset.experience.attachExpItemTxt_a0.png,gameover.swf,93_asset.experience.attachExpItemTxt_a0.png,74,25,"Benefícios VIP"
03-janelas,gameover__61_asset.experience.exploitExpItemTxt_a2.png,gameover.swf,61_asset.experience.exploitExpItemTxt_a2.png,74,25,"Benefícios VIP"
03-janelas,gameover__46_asset.experience.fightExpItemTxt_a3.png,gameover.swf,46_asset.experience.fightExpItemTxt_a3.png,74,25,""
03-janelas,activeevents__8_asset.activeEvents.activityCardPSWII.png,activeevents.swf,8_asset.activeEvents.activityCardPSWII.png,39,19,""
03-janelas,academy__14_asset.academy.nameTitle.png,academy.swf,14_asset.academy.nameTitle.png,32,19,""
03-janelas,awardsystem1__90_asset.offerPack.fontII.png,awardsystem1.swf,90_asset.offerPack.fontII.png,61,14,"mérito"
03-janelas,awardsystem__10_asset.offerPack.fontII.png,awardsystem.swf,10_asset.offerPack.fontII.png,61,14,"mérito"
03-janelas,quest__42_asset.core.quest.RewardText.Type4.png,quest.swf,42_asset.core.quest.RewardText.Type4.png,37,19,"(patrimônio)"
03-janelas,consortionclub__17_asset.club.declareBG5.jpg,consortionclub.swf,17_asset.club.declareBG5.jpg,36,36,""
03-janelas,consortionii__61_asset.consortion.upGrade.nextLevel.png,consortionii.swf,61_asset.consortion.upGrade.nextLevel.png,63,26,"Nível sau:"
03-janelas,bagandinfo2__15_bagAndInfo.reworkname.backgound_input.png,bagandinfo2.swf,15_bagAndInfo.reworkname.backgound_input.png,156,27,""
03-janelas,bagandinfo1__2_bagAndInfo.reworkname.backgound_input.png,bagandinfo1.swf,2_bagAndInfo.reworkname.backgound_input.png,156,27,""
03-janelas,bagandinfo__15_bagAndInfo.reworkname.backgound_input.png,bagandinfo.swf,15_bagAndInfo.reworkname.backgound_input.png,156,27,""
03-janelas,consortionii__41_asset.consortion.upGrade.require.png,consortionii.swf,41_asset.consortion.upGrade.require.png,63,26,"Requisito:"
03-janelas,consortionii__127_asset.consortion.upGrade.consume.png,consortionii.swf,127_asset.consortion.upGrade.consume.png,64,26,"Custo:"
03-janelas,consortionii__120_asset.consortion.upGrade.explainWord.png,consortionii.swf,120_asset.consortion.upGrade.explainWord.png,66,26,"Descrição:"
03-janelas,farm__249.png,farm.swf,249.png,7,19,""
03-janelas,awardsystem1__50_asset.bead.quickFont3.png,awardsystem1.swf,50_asset.bead.quickFont3.png,41,22,"Pontos de presente"
03-janelas,awardsystem__54_asset.bead.quickFont3.png,awardsystem.swf,54_asset.bead.quickFont3.png,41,22,"Pontos de presente"
03-janelas,consortion__8_asset.conortionTask.FontSkill.png,consortion.swf,8_asset.conortionTask.FontSkill.png,48,21,""
03-janelas,consortion__2_asset.conortionTask.FontII.png,consortion.swf,2_asset.conortionTask.FontII.png,87,11,"Concluído por mim:"
03-janelas,consortion__7_asset.conortionTask.FontIMoney.png,consortion.swf,7_asset.conortionTask.FontIMoney.png,30,22,""
04-botoes-titulos,core__130_asset.core.checkCodeBgAsset.png,core.swf,130_asset.core.checkCodeBgAsset.png,498,251,""
04-botoes-titulos,core__63_asset.shop.ShopRechargeGoodsBg.png,core.swf,63_asset.shop.ShopRechargeGoodsBg.png,497,419,"| Bạn càn trả: Hiện có: | 1Ø Moedas 3| ØZMoedas lViễkm 7 Viêm 0Ô | ( Bạn có, vật phẩm cần tiếp phía]"
04-botoes-titulos,corei__115_asset.core.consortionManager.BG.png,corei.swf,115_asset.core.consortionManager.BG.png,352,434,""
04-botoes-titulos,coreii__30_asset.shop.ShopRechargeGoodsBg.png,coreii.swf,30_asset.shop.ShopRechargeGoodsBg.png,426,423,"| Bạncầntả: Hiện có: | | ŒZ\"Moedas Xi @PMoedas ! ¡ k= T1 0 —— | V Lễ kim J ('VLễkim | ( Bạn có, vật,phẩm/cäniếp|phíess"
04-botoes-titulos,corei__142_asset.core.checkCodeBgAsset.png,corei.swf,142_asset.core.checkCodeBgAsset.png,209,251,""
04-botoes-titulos,corei__52_asset.church.AgreeProposeAsset.png,corei.swf,52_asset.church.AgreeProposeAsset.png,447,191,"Felicidades e longa vida! Realize o casamento para provar seu amor"
04-botoes-titulos,core__111_asset.church.AgreeProposeAsset.png,core.swf,111_asset.church.AgreeProposeAsset.png,439,183,"Felicidades e longa vida! Realize o casamento para provar seu amor."
04-botoes-titulos,corei__203_asset.clearingInterface.clearing.png,corei.swf,203_asset.clearingInterface.clearing.png,395,99,"Bạn cần 15 Moedas › Bạn đã mua vật phẩm"
04-botoes-titulos,corei__24_asset.vip.giftFrameTitle.png,corei.swf,24_asset.vip.giftFrameTitle.png,506,44,""
04-botoes-titulos,core__79_asset.core.tryonBgAsset.png,core.swf,79_asset.core.tryonBgAsset.png,500,278,"Escolher para experimentar"
04-botoes-titulos,corei__126_asset.church.UnmarryAsset.png,corei.swf,126_asset.church.UnmarryAsset.png,450,115,"Não é fácil encontrar alguém que te entenda; será que vai realmente terminar esse casamento?"
04-botoes-titulos,core__155_asset.church.UnmarriedAsset.png,core.swf,155_asset.church.UnmarriedAsset.png,339,71,"Você e essa pessoa resolveram o relacionamento conjugal. Você está solteiro(a) novamente."
04-botoes-titulos,gotopage__10_asset.leagueShow.recordStatisticsTitle.png,gotopage.swf,10_asset.leagueShow.recordStatisticsTitle.png,273,54,""
04-botoes-titulos,corei__5_asset.church.UnmarriedAsset.png,corei.swf,5_asset.church.UnmarriedAsset.png,339,71,"Você e essa pessoa resolveram o relacionamento conjugal. Você está solteiro(a) novamente."
04-botoes-titulos,coreiconandtip1__157.png,coreiconandtip1.swf,157.png,136,60,""
04-botoes-titulos,core__266.png,core.swf,266.png,352,346,""
04-botoes-titulos,ddthallicon__92_asset.hall.bibleIcon.png,ddthallicon.swf,92_asset.hall.bibleIcon.png,74,74,"Segredo do Rei da Galinha"
04-botoes-titulos,ddthallicon__387_asset.ddthall.dungeonExploration.png,ddthallicon.swf,387_asset.ddthall.dungeonExploration.png,74,74,"Exploração da Masmorra"
04-botoes-titulos,ddthallicon__33_asset.hallIcon.perfectCouple.png,ddthallicon.swf,33_asset.hallIcon.perfectCouple.png,74,74,"Destinados um ao Outro"
04-botoes-titulos,ddthallicon__109_assets.hallIcon.cityBattle.png,ddthallicon.swf,109_assets.hallIcon.cityBattle.png,70,70,""
04-botoes-titulos,core__156_asset.church.UnmarryAsset.png,core.swf,156_asset.church.UnmarryAsset.png,436,100,"Không dễ để có 1 mồi tình, định kết thúc tình cảm vợ chồng của bạn thật sao? Ly hôn trừ: 3333Moedas:"
04-botoes-titulos,ddthallicon__115_assets.hallIcon.buriedIcon.png,ddthallicon.swf,115_assets.hallIcon.buriedIcon.png,70,70,"espaço"
04-botoes-titulos,ddthallicon__8_assets.hallIcon.zodiacIcon.png,ddthallicon.swf,8_assets.hallIcon.zodiacIcon.png,70,70,"Astrologia"
04-botoes-titulos,ddthallicon__53_assets.hallIcon.witchBlessingIcon.png,ddthallicon.swf,53_assets.hallIcon.witchBlessingIcon.png,72,71,"Natal"
04-botoes-titulos,ddthallicon__45_assets.hallIcon.redEnvelope.png,ddthallicon.swf,45_assets.hallIcon.redEnvelope.png,70,70,""
04-botoes-titulos,ddthallicon__81_asset.hallIcon.welfareCenterIcon.png,ddthallicon.swf,81_asset.hallIcon.welfareCenterIcon.png,70,70,"Benefícios"
04-botoes-titulos,ddthallicon__24_assets.hallIcon.chickActivationIcon.png,ddthallicon.swf,24_assets.hallIcon.chickActivationIcon.png,70,70,""
04-botoes-titulos,ddthallicon__91_assets.hallIcon.DDTMatch.png,ddthallicon.swf,91_assets.hallIcon.DDTMatch.png,70,70,"Grande Festa do Rei da Galinha"
04-botoes-titulos,coreiconandtip__124.png,coreiconandtip.swf,124.png,138,138,"Selecione a tela para continuar"
04-botoes-titulos,ddthallicon__42_assets.hallIcon.horseRace.png,ddthallicon.swf,42_assets.hallIcon.horseRace.png,70,70,"Corrida de Cavalos"
04-botoes-titulos,ddthallicon__97_assets.hallIcon.DDPlayIcon.png,ddthallicon.swf,97_assets.hallIcon.DDPlayIcon.png,70,69,"[Buscar imagem]"
04-botoes-titulos,ddthallicon__29_assets.hallIcon.kingDivisionIcon.png,ddthallicon.swf,29_assets.hallIcon.kingDivisionIcon.png,70,70,""
04-botoes-titulos,ddthallicon__22_asset.hall.callBackLotteryDrawIcon.png,ddthallicon.swf,22_asset.hall.callBackLotteryDrawIcon.png,70,70,""
04-botoes-titulos,coreiconandtip1__168.png,coreiconandtip1.swf,168.png,138,138,"Selecione a tela para continuar"
04-botoes-titulos,ddthallicon__118_assets.hallIcon.boguAdventureIcon.png,ddthallicon.swf,118_assets.hallIcon.boguAdventureIcon.png,70,70,"Pintinho Aventureiro"
04-botoes-titulos,ddthallicon__43_assets.hallIcon.petIsland.png,ddthallicon.swf,43_assets.hallIcon.petIsland.png,70,70,"Exploração do Mascote"
04-botoes-titulos,coreiconandtip1__13_asset.core.payBuffAsset72.note.png,coreiconandtip1.swf,13_asset.core.payBuffAsset72.note.png,269,50,""
04-botoes-titulos,ddthallicon__18_assets.hallIcon.treasureLostIcon.png,ddthallicon.swf,18_assets.hallIcon.treasureLostIcon.png,70,70,"Item"
04-botoes-titulos,coreiconandtip__95_asset.core.payBuffAsset72.note.png,coreiconandtip.swf,95_asset.core.payBuffAsset72.note.png,269,50,""
04-botoes-titulos,ddthallicon__177.png,ddthallicon.swf,177.png,77,70,"Primeira Recarga"
04-botoes-titulos,core__196_asset.core.levelRewardRedLevelTipAsset.png,core.swf,196_asset.core.levelRewardRedLevelTipAsset.png,311,41,""
04-botoes-titulos,ddthallicon__95_assets.hallIcon.panicBuyingIcon.png,ddthallicon.swf,95_assets.hallIcon.panicBuyingIcon.png,70,70,"Desconto"
04-botoes-titulos,ddthallicon__25_assets.hallIconl.sanxiaoBtn.png,ddthallicon.swf,25_assets.hallIconl.sanxiaoBtn.png,70,70,""
04-botoes-titulos,ddthallicon__93_assets.hallIcon.bombTurnTable.icon.png,ddthallicon.swf,93_assets.hallIcon.bombTurnTable.icon.png,70,70,"Roleta"
04-botoes-titulos,ddthallicon__111_assets.hallIcon.MemoryGameIcon.png,ddthallicon.swf,111_assets.hallIcon.MemoryGameIcon.png,70,70,"Formar Par"
04-botoes-titulos,ddthallicon__203.png,ddthallicon.swf,203.png,70,70,"Presente Limitado"
04-botoes-titulos,coreiconandtip1__141.png,coreiconandtip1.swf,141.png,111,54,""
04-botoes-titulos,ddthallicon__31_assets.hallIcon.angelInvestmentIcon.png,ddthallicon.swf,31_assets.hallIcon.angelInvestmentIcon.png,70,70,"Investimento,"
04-botoes-titulos,ddthallicon__96_assets.hallIcon.ddQiYuanIcon.png,ddthallicon.swf,96_assets.hallIcon.ddQiYuanIcon.png,70,70,"Tesouro do Rei da Galinha"
04-botoes-titulos,corei__135_asset.core.GuideBg_1.png,corei.swf,135_asset.core.GuideBg_1.png,95,75,""
04-botoes-titulos,corei__187_cityWide.addFriendBt.png,corei.swf,187_cityWide.addFriendBt.png,150,53,"Adicionar amigo"
04-botoes-titulos,corei__98_asset.clearingInterface.chooseFriendBtn.png,corei.swf,98_asset.clearingInterface.chooseFriendBtn.png,107,31,""
04-botoes-titulos,coreii__50_asset.shop.ShopRechargeServerDescription.png,coreii.swf,50_asset.shop.ShopRechargeServerDescription.png,233,102,"Nhắc nhở : Bạn có vài Equipamento quá hạn,hệ thống đã tiếp phí giúp bạn thêm 7 ngày!"
04-botoes-titulos,core__211_asset.vote.mulAnswer.png,core.swf,211_asset.vote.mulAnswer.png,87,32,""
04-botoes-titulos,coreii__13_asset.vote.mulAnswer.png,coreii.swf,13_asset.vote.mulAnswer.png,87,32,""
04-botoes-titulos,coreiconandtip1__66_bagAndInfo.AddPrice.Labe.png,coreiconandtip1.swf,66_bagAndInfo.AddPrice.Labe.png,81,67,"[Tipo de pagamento:"
04-botoes-titulos,coreiconandtip__37_bagAndInfo.AddPrice.Labe.png,coreiconandtip.swf,37_bagAndInfo.AddPrice.Labe.png,81,67,"[Tipo de pagamento:"
04-botoes-titulos,core__55_asset.community.CommunityTip.png,core.swf,55_asset.community.CommunityTip.png,304,52,"Seja amigo de <User B> para poder escrever no mural de <User B>"
04-botoes-titulos,core__3_asset.vote.oneAnswer.png,core.swf,3_asset.vote.oneAnswer.png,87,32,"Selecionar!"
04-botoes-titulos,coreii__33_asset.shop.RechargeViewChargeBtn.png,coreii.swf,33_asset.shop.RechargeViewChargeBtn.png,76,30,"(Recarregar"
04-botoes-titulos,coreii__96_microBlog.IssueBt.png,coreii.swf,96_microBlog.IssueBt.png,104,42,"Anunciar"
04-botoes-titulos,corei__196_asset.church.lookEquipAsset.png,corei.swf,196_asset.church.lookEquipAsset.png,101,24,"Ver equipamento"
04-botoes-titulos,ddthallicon__63_assets.hallIcon.ringStationIcon.png,ddthallicon.swf,63_assets.hallIcon.ringStationIcon.png,70,70,""
04-botoes-titulos,ddthallicon__74_assets.hallIcon.dreamlandChallengeIcon.png,ddthallicon.swf,74_assets.hallIcon.dreamlandChallengeIcon.png,70,70,"Desafiar"
04-botoes-titulos,ddthallicon__98_assets.hallIcon.flowerGivingIcon.png,ddthallicon.swf,98_assets.hallIcon.flowerGivingIcon.png,70,70,""
04-botoes-titulos,ddthallicon__37_assets.hallIcon.survivalBattleIcon.png,ddthallicon.swf,37_assets.hallIcon.survivalBattleIcon.png,74,74,"Batalha de Sobrevivência"
04-botoes-titulos,ddthallicon__59_assets.hallIcon.leagueIcon.png,ddthallicon.swf,59_assets.hallIcon.leagueIcon.png,70,70,"Deus da Guerra"
04-botoes-titulos,ddthallicon__101_assets.hallIcon.godsRoadsIcon.png,ddthallicon.swf,101_assets.hallIcon.godsRoadsIcon.png,70,70,"Novo Caminho"
04-botoes-titulos,ddthallicon__79_asset.hall.thanksGivingIcon.png,ddthallicon.swf,79_asset.hall.thanksGivingIcon.png,74,74,""
04-botoes-titulos,ddthallicon__4_assets.hallIcon.campIcon.png,ddthallicon.swf,4_assets.hallIcon.campIcon.png,70,70,""
04-botoes-titulos,core__110_asset.AddPricePanel.AddPricePanelBg.png,core.swf,110_asset.AddPricePanel.AddPricePanelBg.png,349,141,"Escolher forma de pagamento"
04-botoes-titulos,ddthallicon__94_asset.hall.draftIcon.png,ddthallicon.swf,94_asset.hall.draftIcon.png,70,70,"Desfile de Moda"
04-botoes-titulos,coreii__137_asset.AddPricePanel.AddPricePanelBg.png,coreii.swf,137_asset.AddPricePanel.AddPricePanelBg.png,349,141,"Escolher forma de pagamento"
04-botoes-titulos,ddthallicon__87_assets.hallIcon.peatBattleIcon.png,ddthallicon.swf,87_assets.hallIcon.peatBattleIcon.png,70,70,"Duelo de Elite"
04-botoes-titulos,ddthallicon__20_assets.hallIcon.rewardTaskIcon.png,ddthallicon.swf,20_assets.hallIcon.rewardTaskIcon.png,74,74,"Recompensa Pendente"
04-botoes-titulos,ddthallicon__61_assets.hallIcon.conRechargeIcon.png,ddthallicon.swf,61_assets.hallIcon.conRechargeIcon.png,70,70,""
04-botoes-titulos,ddthallicon__83_asset.hall.reverseIcon.png,ddthallicon.swf,83_asset.hall.reverseIcon.png,70,70,""
04-botoes-titulos,ddthallicon__41_assets.hallIcon.syahIcon.png,ddthallicon.swf,41_assets.hallIcon.syahIcon.png,70,70,"Bilhete de Galinha Mutante"
04-botoes-titulos,ddthallicon__19_assets.hallIcon.AdventureIcon.png,ddthallicon.swf,19_assets.hallIcon.AdventureIcon.png,70,70,"Continente"
04-botoes-titulos,ddthallicon__113_assets.hallIcon.superWinnerEntryIcon.png,ddthallicon.swf,113_assets.hallIcon.superWinnerEntryIcon.png,70,70,"Grande Vitória"
04-botoes-titulos,ddthallicon__65_assets.hallIcon.oldPlayerRegressIcon.png,ddthallicon.swf,65_assets.hallIcon.oldPlayerRegressIcon.png,70,70,""
04-botoes-titulos,ddthallicon__23_assets.hallIcon.oldPlayerIcon.png,ddthallicon.swf,23_assets.hallIcon.oldPlayerIcon.png,70,70,""
04-botoes-titulos,ddthallicon__114_assets.hallIcon.ddtBuriedIcon.png,ddthallicon.swf,114_assets.hallIcon.ddtBuriedIcon.png,74,74,"Tesouro"
04-botoes-titulos,ddthallicon__15_assets.hallIcon.braveDoor.icon.png,ddthallicon.swf,15_assets.hallIcon.braveDoor.icon.png,70,69,"Herói PK"
04-botoes-titulos,ddthallicon__47_asset.hall.checkInIcon.png,ddthallicon.swf,47_asset.hall.checkInIcon.png,74,74,"Check-in"
04-botoes-titulos,ddthallicon__110_assets.hallIcon.growthPachageIcon.png,ddthallicon.swf,110_assets.hallIcon.growthPachageIcon.png,70,70,"Presente de Crescimento"
04-botoes-titulos,core__8_asset.church.ProposeBuyRingAsset.png,core.swf,8_asset.church.ProposeBuyRingAsset.png,300,47,"Bạn không oó nhẫn cưới, không thể cầu hôn. Mua nhẫn cần 999 Moedas"
04-botoes-titulos,core__52_asset.shop.LabelIconRecommend.png,core.swf,52_asset.shop.LabelIconRecommend.png,48,38,""
04-botoes-titulos,corei__23_asset.church.ProposeBuyRingAsset.png,corei.swf,23_asset.church.ProposeBuyRingAsset.png,300,47,"Bạn không oó nhẫn cưới, không thể cầu hôn. Mua nhẫn cần 999 Moedas"
04-botoes-titulos,ddthallicon__106_asset.hall.rechargBackIcon.png,ddthallicon.swf,106_asset.hall.rechargBackIcon.png,70,70,"Oferta de Recarga"
04-botoes-titulos,ddthallicon__76_assets.hallIcon.lightRoadIcon.png,ddthallicon.swf,76_assets.hallIcon.lightRoadIcon.png,70,70,"Caminho da Glória"
04-botoes-titulos,ddthallicon__6_assets.hallIcon.teamBattleIcon.png,ddthallicon.swf,6_assets.hallIcon.teamBattleIcon.png,70,70,"Batalha em Equipe"
04-botoes-titulos,ddthallicon__58_assets.hallIcon.treasureHuntingIcon.png,ddthallicon.swf,58_assets.hallIcon.treasureHuntingIcon.png,70,70,""
04-botoes-titulos,corei__182_asset.league.leagueNotice.png,corei.swf,182_asset.league.leagueNotice.png,179,74,"Olá a todos! Vamos ser amigos juntos na cidade!"
04-botoes-titulos,corei__119_cityWide.cityWideTextBg.png,corei.swf,119_cityWide.cityWideTextBg.png,179,74,"Olá a todos! Vamos ser amigos juntos na cidade!"
04-botoes-titulos,ddthallicon__9_assets.hallIcon.cloudbuylotteryIcon.png,ddthallicon.swf,9_assets.hallIcon.cloudbuylotteryIcon.png,70,70,""
04-botoes-titulos,ddthallicon__54_asset.hall.familyFoodIcon.png,ddthallicon.swf,54_asset.hall.familyFoodIcon.png,74,74,""
04-botoes-titulos,ddthallicon__13_asset.hall.noticeIcon.png,ddthallicon.swf,13_asset.hall.noticeIcon.png,74,74,"Aviso"
04-botoes-titulos,ddthallicon__39_assets.hallIcon.mysteriousRouletteIcon.png,ddthallicon.swf,39_assets.hallIcon.mysteriousRouletteIcon.png,70,70,"Roleta Misteriosa"
04-botoes-titulos,core__61_asset.shop.ShopRechargeEquipDescription.png,core.swf,61_asset.shop.ShopRechargeEquipDescription.png,192,73,"Nhắc nhở: 1 số Equipamento của bạn đã hết hạn,nạp thêm nhé"
04-botoes-titulos,ddthallicon__64_assets.hallIcon.accumulativeLoginIcon.png,ddthallicon.swf,64_assets.hallIcon.accumulativeLoginIcon.png,70,70,"Presente Online"
04-botoes-titulos,ddthallicon__86_asset.hallIcon.exchangeAct.png,ddthallicon.swf,86_asset.hallIcon.exchangeAct.png,70,70,"Trocar Recompensa"
04-botoes-titulos,ddthallicon__11_assets.hallIcon.lanternriddlesIcon.png,ddthallicon.swf,11_assets.hallIcon.lanternriddlesIcon.png,70,70,"Charada da Festa das Lanternas"
04-botoes-titulos,coreii__32_asset.shop.ShopRechargeEquipDescription.png,coreii.swf,32_asset.shop.ShopRechargeEquipDescription.png,192,73,"Nhắc nhở: 1 số Equipamento của bạn đã hết hạn,nạp thêm nhé"
04-botoes-titulos,ddthallicon__70_assets.hallIcon.pyramidIcon.png,ddthallicon.swf,70_assets.hallIcon.pyramidIcon.png,70,70,""
04-botoes-titulos,ddthallicon__44_asset.hall.meetIcon.png,ddthallicon.swf,44_asset.hall.meetIcon.png,72,72,"Encontro Romântico"
04-botoes-titulos,ddthallicon__78_assets.hallIcon.guildmemberweekIcon.png,ddthallicon.swf,78_assets.hallIcon.guildmemberweekIcon.png,70,70,"Contribuição do Clã"
04-botoes-titulos,ddthallicon__2_assets.hallIcon.catchInsect.png,ddthallicon.swf,2_assets.hallIcon.catchInsect.png,70,70,"Batalha de Insetos"
04-botoes-titulos,ddthallicon__69_assets.hallIcon.rescue.png,ddthallicon.swf,69_assets.hallIcon.rescue.png,70,70,"Reforço"
04-botoes-titulos,ddthallicon__56_asset.hall.magicWardrobe.png,ddthallicon.swf,56_asset.hall.magicWardrobe.png,70,70,"Armário Mágico"
04-botoes-titulos,ddthallicon__85_assets.hallIcon.devilTurnIcon.png,ddthallicon.swf,85_assets.hallIcon.devilTurnIcon.png,70,70,""
04-botoes-titulos,ddthallicon__105_asset.hall.farmIcon.png,ddthallicon.swf,105_asset.hall.farmIcon.png,74,74,""
04-botoes-titulos,ddthallicon__171.png,ddthallicon.swf,171.png,70,70,""
04-botoes-titulos,ddthallicon__32_assets.hallIcon.luckStoneIcon.png,ddthallicon.swf,32_assets.hallIcon.luckStoneIcon.png,70,70,""
04-botoes-titulos,ddthallicon__82_asset.hall.flyHappyIcon.png,ddthallicon.swf,82_asset.hall.flyHappyIcon.png,70,70,""
04-botoes-titulos,ddthallicon__99_assets.hallIcon.stockIcon.png,ddthallicon.swf,99_assets.hallIcon.stockIcon.png,70,70,"Bolsa de Valores"
04-botoes-titulos,ddthallicon__26_assets.hallIcon.limitActivityIcon.png,ddthallicon.swf,26_assets.hallIcon.limitActivityIcon.png,70,70,"Atraente"
04-botoes-titulos,ddthallicon__16_assets.hallIcon.indianaIcon.png,ddthallicon.swf,16_assets.hallIcon.indianaIcon.png,70,70,"đie‹àà Đoạt Bảo 1 Ouro"
04-botoes-titulos,ddthallicon__68_assets.hallIcon.goldmineIcon.png,ddthallicon.swf,68_assets.hallIcon.goldmineIcon.png,70,70,""
04-botoes-titulos,ddthallicon__120_assets.hallIcon.defendDDTIslandIcon.png,ddthallicon.swf,120_assets.hallIcon.defendDDTIslandIcon.png,70,70,"Você e a Ilha da Galinha"
04-botoes-titulos,core__47_asset.shop.LabelIconDiscount.png,core.swf,47_asset.shop.LabelIconDiscount.png,47,38,"Promoção"
04-botoes-titulos,ddthallicon__21_assets.hallIcon.rouletteGunIcon.png,ddthallicon.swf,21_assets.hallIcon.rouletteGunIcon.png,70,70,"Ý$: LẦN Vùng quay Sorte"
04-botoes-titulos,corei__244.png,corei.swf,244.png,70,70,"Vùng quay Sorte"
04-botoes-titulos,ddthallicon__3_assets.hallIcon.worshipTheMoon.png,ddthallicon.swf,3_assets.hallIcon.worshipTheMoon.png,70,70,""
04-botoes-titulos,ddthallicon__40_assets.hallIcon.godCard.png,ddthallicon.swf,40_assets.hallIcon.godCard.png,70,70,"Coletar Cartas"
04-botoes-titulos,ddthallicon__73_assets.hallIcon.bankIcon.png,ddthallicon.swf,73_assets.hallIcon.bankIcon.png,70,70,"Banco Real"
04-botoes-titulos,ddthallicon__104_assets.hallIcon.ballGameIcon.png,ddthallicon.swf,104_assets.hallIcon.ballGameIcon.png,70,70,"Arena de Verão"
04-botoes-titulos,ddthallicon__52_asset.hall.jigsawIcon.png,ddthallicon.swf,52_asset.hall.jigsawIcon.png,76,75,""
04-botoes-titulos,core__120_asset.core.ConsortiaAssetManager.buttomWord.png,core.swf,120_asset.core.ConsortiaAssetManager.buttomWord.png,345,30,"Membros precisam ter pontos de contribuição suficientes para usar esta função."
04-botoes-titulos,corei__148_asset.core.ConsortiaAssetManager.buttomWord.png,corei.swf,148_asset.core.ConsortiaAssetManager.buttomWord.png,345,30,"Membros precisam ter pontos de contribuição suficientes para usar esta função."
04-botoes-titulos,coreiconandtip__101_asset.seniorVipIcon.big_1.png,coreiconandtip.swf,101_asset.seniorVipIcon.big_1.png,40,40,"VIP"
04-botoes-titulos,coreii__232.png,coreii.swf,232.png,56,35,""
04-botoes-titulos,ddthallicon__100_assets.hallIcon.lotteryTicketIcon.png,ddthallicon.swf,100_assets.hallIcon.lotteryTicketIcon.png,70,70,"Milionário"
04-botoes-titulos,coreii__310.png,coreii.swf,310.png,344,38,"Carregando, aguarde um momento."
04-botoes-titulos,core__324.png,core.swf,324.png,344,38,"Carregando, aguarde um momento."
04-botoes-titulos,corei__210_asset.church.RejectProposeAsset.png,corei.swf,210_asset.church.RejectProposeAsset.png,368,88,"recusou o pedido de casamento, te deu um cartão de boa pessoa, e enviou um convite para sua caixa de correio"
04-botoes-titulos,core__17_asset.church.RejectProposeAsset.png,core.swf,17_asset.church.RejectProposeAsset.png,368,88,"recusou o pedido de casamento, te deu um cartão de boa pessoa, e enviou um convite para sua caixa de correio"
04-botoes-titulos,core__175_asset.church.churchInviteMsgAsset.png,core.swf,175_asset.church.churchInviteMsgAsset.png,327,26,"convida você para o casamento, aceita?"
04-botoes-titulos,corei__111_asset.church.churchInviteMsgAsset.png,corei.swf,111_asset.church.churchInviteMsgAsset.png,327,26,"convida você para o casamento, aceita?"
04-botoes-titulos,ddthallicon__127.png,ddthallicon.swf,127.png,152,47,"Clique para selecionar"
04-botoes-titulos,ddthallicon__349.png,ddthallicon.swf,349.png,80,80,""
04-botoes-titulos,coreiconandtip1__37_asset.core.payBuffAsset71.jpg,coreiconandtip1.swf,37_asset.core.payBuffAsset71.jpg,78,78,""
04-botoes-titulos,coreiconandtip__69_asset.core.payBuffAsset71.jpg,coreiconandtip.swf,69_asset.core.payBuffAsset71.jpg,78,78,""
04-botoes-titulos,core__76_asset.core.MyConsortiaTax.taxBG.png,core.swf,76_asset.core.MyConsortiaTax.taxBG.png,375,86,"Hiện có Moedas, mời nhập số lượng. LÍ 5 Trðì gia"
04-botoes-titulos,corei__26_asset.core.MyConsortiaTax.taxBG.png,corei.swf,26_asset.core.MyConsortiaTax.taxBG.png,375,86,"Hiện có Moedas, mời nhập số lượng. NG Tre) gân"
04-botoes-titulos,corei__36_asset.friendGroup.bg.png,corei.swf,36_asset.friendGroup.bg.png,233,56,""
04-botoes-titulos,coreii__37_asset.shop.PayTypeLabelMedal.png,coreii.swf,37_asset.shop.PayTypeLabelMedal.png,53,22,""
04-botoes-titulos,coreiconandtip1__85_asset.core.payBuffAsset70.jpg,coreiconandtip1.swf,85_asset.core.payBuffAsset70.jpg,78,78,""
04-botoes-titulos,coreiconandtip__16_asset.core.payBuffAsset70.jpg,coreiconandtip.swf,16_asset.core.payBuffAsset70.jpg,78,78,""
04-botoes-titulos,coreii__39_asset.shop.PayTypeLabelGift.png,coreii.swf,39_asset.shop.PayTypeLabelGift.png,55,22,"Quantia do presente"
04-botoes-titulos,core__212_asset.community.CMBtn_02.png,core.swf,212_asset.community.CMBtn_02.png,81,29,"Lista de Redes Sociais"
04-botoes-titulos,core__201_asset.community.CMBtn_01.png,core.swf,201_asset.community.CMBtn_01.png,75,26,"Lista de Redes Sociais"
04-botoes-titulos,core__49_asset.shop.LabelIconLimitCount.png,core.swf,49_asset.shop.LabelIconLimitCount.png,86,38,""
04-botoes-titulos,coreii__46_asset.shop.LabelIconLimitCount.png,coreii.swf,46_asset.shop.LabelIconLimitCount.png,86,38,""
04-botoes-titulos,core__19_asset.AddPricePanel.RenewalDianJuanUp.png,core.swf,19_asset.AddPricePanel.RenewalDianJuanUp.png,117,27,". J @) Moedas] Ẵ N— M"
04-botoes-titulos,corei__141_asset.core.MyConsortiaTax.DonateBG.png,corei.swf,141_asset.core.MyConsortiaTax.DonateBG.png,312,64,""
04-botoes-titulos,gotopage__44_asset.leagueShow.selected20_29Asset.png,gotopage.swf,44_asset.leagueShow.selected20_29Asset.png,119,26,"Recompensa nível 20-29"
04-botoes-titulos,corei__108_asset.clearingInterface.enough.png,corei.swf,108_asset.clearingInterface.enough.png,172,22,"(O7 Moedas Không đủ )"
04-botoes-titulos,gotopage__42_asset.leagueShow.selected30_39Asset.png,gotopage.swf,42_asset.leagueShow.selected30_39Asset.png,119,26,"Recompensa nível 30-39"
04-botoes-titulos,coreiconandtip1__87_asset.core.freeAsset.jpg,coreiconandtip1.swf,87_asset.core.freeAsset.jpg,60,60,""
04-botoes-titulos,coreiconandtip__14_asset.core.freeAsset.jpg,coreiconandtip.swf,14_asset.core.freeAsset.jpg,60,60,""
04-botoes-titulos,corei__69_asset.church.ProposeSysMsgAsset.png,corei.swf,69_asset.church.ProposeSysMsgAsset.png,131,20,"Sistema envia felicitações"
04-botoes-titulos,corei__114_exitPrompt.dayMissionBt.png,corei.swf,114_exitPrompt.dayMissionBt.png,120,25,"Missão hàng ngày:"
04-botoes-titulos,coreiconandtip1__89_asset.core.leveltip.ExploitBg.png,coreiconandtip1.swf,89_asset.core.leveltip.ExploitBg.png,43,25,"Mérito"
04-botoes-titulos,coreiconandtip__12_asset.core.leveltip.ExploitBg.png,coreiconandtip.swf,12_asset.core.leveltip.ExploitBg.png,43,25,"Mérito"
04-botoes-titulos,coreiconandtip__50_asset.core.consortiaTip.LevelPic.png,coreiconandtip.swf,50_asset.core.consortiaTip.LevelPic.png,60,18,"Nível do Clã"
04-botoes-titulos,coreiconandtip__30_asset.core.guildLevelAsset.png,coreiconandtip.swf,30_asset.core.guildLevelAsset.png,60,18,"Nível do Clã"
04-botoes-titulos,corei__188_exitPrompt.actMissionBt.png,corei.swf,188_exitPrompt.actMissionBt.png,104,25,"Missão Evento:"
04-botoes-titulos,coreiconandtip1__72_asset.core.guildLevelAsset.png,coreiconandtip1.swf,72_asset.core.guildLevelAsset.png,60,18,"Nível do Clã"
04-botoes-titulos,coreiconandtip1__54_asset.core.consortiaTip.LevelPic.png,coreiconandtip1.swf,54_asset.core.consortiaTip.LevelPic.png,60,18,"Nível do Clã"
04-botoes-titulos,coreii__28_asset.shop.TextureBtnDown.png,coreii.swf,28_asset.shop.TextureBtnDown.png,72,22,"Escolher cor"
04-botoes-titulos,coreii__57_asset.shop.shopFriendsBtn.png,coreii.swf,57_asset.shop.shopFriendsBtn.png,94,21,"Escolher na lista de amigos"
04-botoes-titulos,core__65_asset.shop.TextureBtnDown.png,core.swf,65_asset.shop.TextureBtnDown.png,72,22,"Escolher cor"
04-botoes-titulos,coreii__27_asset.shop.TextureBtnUp.png,coreii.swf,27_asset.shop.TextureBtnUp.png,72,22,"Escolher cor da pele"
04-botoes-titulos,core__67_asset.shop.TextureBtnUp.png,core.swf,67_asset.shop.TextureBtnUp.png,72,22,"Escolher cor da pele"
04-botoes-titulos,coreiconandtip__76_asset.core.consortiaTip.StatePic.png,coreiconandtip.swf,76_asset.core.consortiaTip.StatePic.png,58,21,"Status"
04-botoes-titulos,coreiconandtip1__30_asset.core.consortiaTip.StatePic.png,coreiconandtip1.swf,30_asset.core.consortiaTip.StatePic.png,58,21,"Status"
04-botoes-titulos,core__62_asset.shop.ShopRechargeEquipTitle.png,core.swf,62_asset.shop.ShopRechargeEquipTitle.png,153,30,"Recarga rápida"
04-botoes-titulos,coreii__106_asset.core.QuickBuyMoneyTip.png,coreii.swf,106_asset.core.QuickBuyMoneyTip.png,145,20,"Você deve pagar no total:"
04-botoes-titulos,core__14_asset.core.QuickBuyMoneyTip.png,core.swf,14_asset.core.QuickBuyMoneyTip.png,145,20,"Você deve pagar no total:"
04-botoes-titulos,coreii__31_asset.shop.ShopRechargeEquipTitle.png,coreii.swf,31_asset.shop.ShopRechargeEquipTitle.png,153,30,"Recarga rápida"
04-botoes-titulos,core__31_asset.shop.ColorBtnUp.png,core.swf,31_asset.shop.ColorBtnUp.png,72,22,""
04-botoes-titulos,coreii__65_asset.shop.ColorBtnUp.png,coreii.swf,65_asset.shop.ColorBtnUp.png,72,22,""
04-botoes-titulos,coreii__66_asset.shop.ColorBtnDown.png,coreii.swf,66_asset.shop.ColorBtnDown.png,72,22,"Escolher cor"
04-botoes-titulos,core__30_asset.shop.ColorBtnDown.png,core.swf,30_asset.shop.ColorBtnDown.png,72,22,"Escolher cor"
04-botoes-titulos,coreiconandtip1__86_bagAndInfo.AddPrice.CheckBtnGiftBG.png,coreiconandtip1.swf,86_bagAndInfo.AddPrice.CheckBtnGiftBG.png,62,34,"Quantia do presente"
04-botoes-titulos,coreiconandtip__15_bagAndInfo.AddPrice.CheckBtnGiftBG.png,coreiconandtip.swf,15_bagAndInfo.AddPrice.CheckBtnGiftBG.png,62,34,"Quantia do presente"
04-botoes-titulos,core__56_asset.shop.PayTypeLabelGift.png,core.swf,56_asset.shop.PayTypeLabelGift.png,53,22,"Quantia do presente"
04-botoes-titulos,coreiconandtip__85_asset.core.leveltip.BattleBg.png,coreiconandtip.swf,85_asset.core.leveltip.BattleBg.png,46,18,"Poder de Combate"
04-botoes-titulos,coreiconandtip1__22_asset.core.leveltip.BattleBg.png,coreiconandtip1.swf,22_asset.core.leveltip.BattleBg.png,46,18,"Poder de Combate"
04-botoes-titulos,coreiconandtip__55_asset.core.leveltip.WinRateBg.png,coreiconandtip.swf,55_asset.core.leveltip.WinRateBg.png,44,19,"Vitória"
04-botoes-titulos,coreiconandtip1__5_asset.core.leveltip.WinRateBg.png,coreiconandtip1.swf,5_asset.core.leveltip.WinRateBg.png,44,19,"Vitória"
04-botoes-titulos,core__39_asset.shop.shopFriendsBtn.png,core.swf,39_asset.shop.shopFriendsBtn.png,76,21,"Escolher na lista de amigos"
04-botoes-titulos,corei__10_asset.corei.helpbutton.png,corei.swf,10_asset.corei.helpbutton.png,88,25,"Ajuda"
04-botoes-titulos,coreiconandtip__20_asset.core.tip.GoodsTipItemDefence.png,coreiconandtip.swf,20_asset.core.tip.GoodsTipItemDefence.png,120,15,"HöArmadura"
04-botoes-titulos,coreii__55_asset.shop.ShopGift.png,coreii.swf,55_asset.shop.ShopGift.png,43,21,"pontos de presente"
04-botoes-titulos,coreiconandtip1__81_asset.core.tip.GoodsTipItemDefence.png,coreiconandtip1.swf,81_asset.core.tip.GoodsTipItemDefence.png,120,15,"HöArmadura"
04-botoes-titulos,core__40_asset.shop.ShopGift.png,core.swf,40_asset.shop.ShopGift.png,43,21,"pontos de presente"
04-botoes-titulos,coreiconandtip__21_asset.core.tip.GoodsTipItemHert.png,coreiconandtip.swf,21_asset.core.tip.GoodsTipItemHert.png,114,15,"Dano"
04-botoes-titulos,coreiconandtip1__80_asset.core.tip.GoodsTipItemHert.png,coreiconandtip1.swf,80_asset.core.tip.GoodsTipItemHert.png,114,15,"Dano"
04-botoes-titulos,coreiconandtip__24_asset.core.tip.GoodsTipItemRecover.png,coreiconandtip.swf,24_asset.core.tip.GoodsTipItemRecover.png,99,15,"Recuperar"
04-botoes-titulos,coreiconandtip1__78_asset.core.tip.GoodsTipItemRecover.png,coreiconandtip1.swf,78_asset.core.tip.GoodsTipItemRecover.png,99,15,"Recuperar"
04-botoes-titulos,coreiconandtip__27_asset.core.tip.GoodsTipQuality.png,coreiconandtip.swf,27_asset.core.tip.GoodsTipQuality.png,82,21,"Qualidade"
04-botoes-titulos,coreiconandtip1__82_asset.core.tip.GoodsTipItemArmAngle.png,coreiconandtip1.swf,82_asset.core.tip.GoodsTipItemArmAngle.png,97,18,"Nível"
04-botoes-titulos,coreiconandtip__19_asset.core.tip.GoodsTipItemArmAngle.png,coreiconandtip.swf,19_asset.core.tip.GoodsTipItemArmAngle.png,97,18,"Nível"
04-botoes-titulos,coreiconandtip1__75_asset.core.tip.GoodsTipQuality.png,coreiconandtip1.swf,75_asset.core.tip.GoodsTipQuality.png,82,21,"Qualidade"
04-botoes-titulos,coreiconandtip__26_asset.core.tip.GoodsTipItemRecover1.png,coreiconandtip.swf,26_asset.core.tip.GoodsTipItemRecover1.png,82,22,"Redução de dano"
04-botoes-titulos,coreiconandtip1__76_asset.core.tip.GoodsTipItemRecover1.png,coreiconandtip1.swf,76_asset.core.tip.GoodsTipItemRecover1.png,82,22,"Redução de dano"
04-botoes-titulos,core__54_asset.shop.PayTypeLabelFree.png,core.swf,54_asset.shop.PayTypeLabelFree.png,53,22,"Grátis"
04-botoes-titulos,coreii__40_asset.shop.PayTypeLabelFree.png,coreii.swf,40_asset.shop.PayTypeLabelFree.png,53,22,"Grátis"
04-botoes-titulos,corei__47_asset.chatFrame.record.png,corei.swf,47_asset.chatFrame.record.png,84,21,""
04-botoes-titulos,coreiconandtip__32_asset.core.tip.hp.png,coreiconandtip.swf,32_asset.core.tip.hp.png,86,18,"Vida"
04-botoes-titulos,coreiconandtip1__70_asset.core.tip.hp.png,coreiconandtip1.swf,70_asset.core.tip.hp.png,86,18,"Vida"
04-botoes-titulos,coreiconandtip1__40_asset.core.leveltip.ReputeBg.png,coreiconandtip1.swf,40_asset.core.leveltip.ReputeBg.png,43,18,"Classificação"
04-botoes-titulos,coreiconandtip1__39_asset.core.consortiaTip.ReputePic.png,coreiconandtip1.swf,39_asset.core.consortiaTip.ReputePic.png,43,18,"Classificação"
04-botoes-titulos,coreiconandtip__67_asset.core.consortiaTip.ReputePic.png,coreiconandtip.swf,67_asset.core.consortiaTip.ReputePic.png,43,18,"Classificação"
04-botoes-titulos,coreiconandtip__65_asset.core.leveltip.ReputeBg.png,coreiconandtip.swf,65_asset.core.leveltip.ReputeBg.png,43,18,"Classificação"
04-botoes-titulos,coreiconandtip__28_asset.core.tip.GoodsType.png,coreiconandtip.swf,28_asset.core.tip.GoodsType.png,82,16,"Tipo"
04-botoes-titulos,coreiconandtip1__74_asset.core.tip.GoodsType.png,coreiconandtip1.swf,74_asset.core.tip.GoodsType.png,82,16,"Tipo"
05-icones,hotspringroom__70.png,hotspringroom.swf,70.png,827,429,"Sự on Sự ~ >4 - ng ng \" ni na TT CÀ L “SE do Gếp l—. NG ` 2 xe ¬ va. N2 lu N ¬R xe G ch ớn Ạ ; s3 229ø.., 2E. . 3 -m. .. S ó i SA: v› ST : Na - TT „%2 TU NI Em Moedas g Ai „ANH A9 : , kế 2 ———"
05-icones,churchroomlist__19_asset.church.main.bgJoinListAsset.png,churchroomlist.swf,19_asset.church.main.bgJoinListAsset.png,435,501,""
05-icones,churchroomlist__18_asset.church.main.picPreviewAsset.png,churchroomlist.swf,18_asset.church.main.picPreviewAsset.png,500,348,""
05-icones,hotspringroomlist__12_asset.HotSpringMainView.IMGBGAsset.png,hotspringroomlist.swf,12_asset.HotSpringMainView.IMGBGAsset.png,487,333,""
05-icones,room__36_asset.room.view.bigMapInfoPanel.mathRoomBigMapInfoPanelBgAsset.png,room.swf,36_asset.room.view.bigMapInfoPanel.mathRoomBigMapInfoPanelBgAsset.png,343,544,""
05-icones,hotspringroomlist__2_asset.HotSpringMainView.roomListBGAsset.png,hotspringroomlist.swf,2_asset.HotSpringMainView.roomListBGAsset.png,424,423,""
05-icones,hotspringroom__307.jpg,hotspringroom.swf,307.jpg,1200,1077,"59/9572 7 v29099,22) 2/9 v2. S9 cớ 2279952972222 .0222 — 7 vn 222A 2 2 22A ME ANH] 2 Z l N n2 0922/0902/9>. Z” M ¬ 2 NA : 2 | _. _—44 . > Li nh — 7%” Z Bái. s hao X47 1 ga r Z x.... —¬ = ¬ T7 VZA le... xe. b. is J ø VMZ =. . ẤN 09g Moedasng hước ø^ _ ..... # À 6. di in LG G2 _. xh Hó sÃ .x số Cx mo Lua i N Ặ VN Go s22 < VN I 1 Liên ˆ : An „ ồ - an è ni . mm. ƯA 6 na Nmoes lu ¿ P. s.. ^*SERAO 35 ;= lo... NI E2. : 0 02T IEEEROÀ .X\\ s ĐÔ .. : a ˆ 1. : : M P5 ® uốn , « é ? ĐÔI .. .. s5, s2 : . ” 5 4 K7 j :Z2gm ⁄ Lê: SA xi: Ế/ ^ Ề : TU ến 4"
05-icones,room__71_asset.room.view.RoomRightPropViewBGAsset.png,room.swf,71_asset.room.view.RoomRightPropViewBGAsset.png,244,414,"[Plem) SE] “Đạo!cuitheo'người | mmg, sBaú:đạo cụ chiền đầu _—"
05-icones,room__6_asset.roomLoading.GameMode_14.png,room.swf,6_asset.roomLoading.GameMode_14.png,389,158,"Desafiar"
05-icones,room__7_asset.roomLoading.GameMode_2.png,room.swf,7_asset.roomLoading.GameMode_2.png,398,188,"Torneio"
05-icones,room__5_asset.roomLoading.GameMode_12.png,room.swf,5_asset.roomLoading.GameMode_12.png,398,188,"Torneio"
05-icones,room__8_asset.roomLoading.GameMode_7.png,room.swf,8_asset.roomLoading.GameMode_7.png,389,146,""
05-icones,room__62_asset.room.view.roomPlayerItemCloseBGAsset.png,room.swf,62_asset.room.view.roomPlayerItemCloseBGAsset.png,170,203,""
05-icones,room__3_asset.roomLoading.GameMode_0.png,room.swf,3_asset.roomLoading.GameMode_0.png,398,188,""
05-icones,game__185_asset.game.achiev5.png,game.swf,185_asset.game.achiev5.png,350,92,"Técnica Extraordinária"
05-icones,room__69_asset.room.view.roomPlayerItemWaitBGAsset.png,room.swf,69_asset.room.view.roomPlayerItemWaitBGAsset.png,170,203,""
05-icones,game__46_asset.game.ghost.msg1.png,game.swf,46_asset.game.ghost.msg1.png,627,44,""
05-icones,game__606.png,game.swf,606.png,160,150,"„co ._M š⁄ HN ... Moedas ~- ^Y P : à lv. ý ... . lon li ¬ M"
05-icones,game__282_asset.game.achiev2.png,game.swf,282_asset.game.achiev2.png,326,60,""
05-icones,game__16_asset.game.achiev6.png,game.swf,16_asset.game.achiev6.png,313,62,"HộArmaduratthànIcông"
05-icones,churchroom__43_asset.church.room.guestListBoxAsset.png,churchroom.swf,43_asset.church.room.guestListBoxAsset.png,233,295,"Khách mời Nível Giới tính |"
05-icones,room__110_asset.room.boosModeAsset.png,room.swf,110_asset.room.boosModeAsset.png,138,61,""
05-icones,room__133_asset.room.dungeonModeSelectedAsset.png,room.swf,133_asset.room.dungeonModeSelectedAsset.png,148,73,"“ta: Instância \"Vrư ^ Fe."
05-icones,game__718.png,game.swf,718.png,55,173,""
05-icones,room__138_asset.room.view.bigMapInfoPanel.eliteGameBtnAsset.png,room.swf,138_asset.room.view.bigMapInfoPanel.eliteGameBtnAsset.png,310,111,""
05-icones,gameii__764.png,gameii.swf,764.png,139,143,""
05-icones,game__316.png,game.swf,316.png,523,96,"- Vitória"
05-icones,room__11_asset.room.TypeBtn_B_02.png,room.swf,11_asset.room.TypeBtn_B_02.png,140,37,"“Instância đặc biệt"
05-icones,churchroom__52_asset.church.room.giftFrameBgAssetForGuest.png,churchroom.swf,52_asset.church.room.giftFrameBgAssetForGuest.png,269,133,"O valor do presente deve ser múltiplo de 100"
05-icones,room__142_asset.room.TypeBtn_B_01.png,room.swf,142_asset.room.TypeBtn_B_01.png,140,32,"í Instância đặc biệt."
05-icones,room__120_asset.room.TypeBtn_A_01.png,room.swf,120_asset.room.TypeBtn_A_01.png,140,32,"í Instância thường"
05-icones,room__131_asset.room.TypeBtn_A_02.png,room.swf,131_asset.room.TypeBtn_A_02.png,140,37,"“Instância thường"
05-icones,room__13_asset.room.view.bigMapInfoPanel.guildModeIconAsset.png,room.swf,13_asset.room.view.bigMapInfoPanel.guildModeIconAsset.png,85,67,""
05-icones,churchroom__60_asset.church.room.fireBgAsset.png,churchroom.swf,60_asset.church.room.fireBgAsset.png,147,221,"Jogar confete de casamento."
05-icones,room__12_asset.room.view.bigMapInfoPanel.guildModeBtnOverAsset.png,room.swf,12_asset.room.view.bigMapInfoPanel.guildModeBtnOverAsset.png,169,120,"1. Pelo menos 2 pessoas. 2. Devem estar no mesmo Clã."
05-icones,room__141_asset.room.view.bigMapInfoPanel.freeModeBtnOverAsset.png,room.swf,141_asset.room.view.bigMapInfoPanel.freeModeBtnOverAsset.png,169,119,""
05-icones,room__22_asset.room.TypeBtn_C_01.png,room.swf,22_asset.room.TypeBtn_C_01.png,140,32,"| gzxzzrewxrgz-r-wsxee ecyovengsgumvprrrrvcroswemvl ¡. Instância cao Nível"
05-icones,churchroom__37_asset.church.room.menuShowNameAcAsset.png,churchroom.swf,37_asset.church.room.menuShowNameAcAsset.png,115,30,"Exibir nome completo"
05-icones,churchroom__35_asset.church.room.menuShowPaoAcAsset.png,churchroom.swf,35_asset.church.room.menuShowPaoAcAsset.png,115,30,"Exibir fogos de artifício"
05-icones,room__38_asset.rrom.normalBtnAsset.png,room.swf,38_asset.rrom.normalBtnAsset.png,128,47,"[Normal"
05-icones,churchroom__39_asset.church.room.menuShowFireAcAsset.png,churchroom.swf,39_asset.church.room.menuShowFireAcAsset.png,115,30,"Exibir flores de casamento"
05-icones,challengeroom__8_asset.room.challengeChooseMap.Challenge7SecondSelected.png,challengeroom.swf,8_asset.room.challengeChooseMap.Challenge7SecondSelected.png,77,59,"7 (segundos"
05-icones,room__124_asset.room.diffBtnSelectedAsset.png,room.swf,124_asset.room.diffBtnSelectedAsset.png,128,47,"(Difícil)"
05-icones,room__10_asset.room.view.bigMapInfoPanel.guildModeBtnAsset.png,room.swf,10_asset.room.view.bigMapInfoPanel.guildModeBtnAsset.png,161,110,"1. Pelo menos 2 pessoas. 2. Devem estar no mesmo Clã."
05-icones,room__140_asset.room.view.bigMapInfoPanel.freeModeBtnAsset.png,room.swf,140_asset.room.view.bigMapInfoPanel.freeModeBtnAsset.png,161,110,""
05-icones,challengeroom__12_asset.room.challengeChooseMap.Challenge10SecondSelected.png,challengeroom.swf,12_asset.room.challengeChooseMap.Challenge10SecondSelected.png,77,59,"10/segundo"
05-icones,game__779.png,game.swf,779.png,391,82,"Vitória"
05-icones,churchroom__79_asset.church.room.FatherPaopao23.png,churchroom.swf,79_asset.church.room.FatherPaopao23.png,190,94,"Diante dos convidados, eu os declaro marido e mulher. O noivo pode beijar a noiva"
05-icones,game__330.png,game.swf,330.png,251,78,""
05-icones,fightlib__194.png,fightlib.swf,194.png,114,41,"1 tela"
05-icones,churchroom__38_asset.church.room.menuShowFireAsset.png,churchroom.swf,38_asset.church.room.menuShowFireAsset.png,107,22,"Exibir flores de casamento"
05-icones,churchroom__85_asset.church.room.FatherPaopao18.png,churchroom.swf,85_asset.church.room.FatherPaopao18.png,415,39,"A noiva coloca a aliança no noivo"
05-icones,churchroom__87_asset.church.room.FatherPaopao16.png,churchroom.swf,87_asset.church.room.FatherPaopao16.png,415,39,"O noivo coloca a aliança na noiva"
05-icones,hotspringroom__39_asset.hotSpring.showPaoAsset2.png,hotspringroom.swf,39_asset.hotSpring.showPaoAsset2.png,87,22,""
05-icones,churchroom__73_asset.church.room.FatherPaopao8.png,churchroom.swf,73_asset.church.room.FatherPaopao8.png,173,94,"Na saúde e na doença, onde quer que estejamos, prometo amar e respeitar você"
05-icones,churchroom__77_asset.church.room.FatherPaopao4.png,churchroom.swf,77_asset.church.room.FatherPaopao4.png,173,94,"Na saúde e na doença, onde quer que estejamos, prometo amar e respeitar você"
05-icones,game__287_asset.game.buff285.png,game.swf,287_asset.game.buff285.png,78,78,""
05-icones,challengeroom__2_asset.room.challengeChooseMap.RoomModeTypeBig.jpg,challengeroom.swf,2_asset.room.challengeChooseMap.RoomModeTypeBig.jpg,178,61,""
05-icones,churchroom__82_asset.church.room.FatherPaopao20.png,churchroom.swf,82_asset.church.room.FatherPaopao20.png,173,94,"A noiva e o noivo trocam as alianças; em nome de Deus, eu os declaro marido e mulher"
05-icones,fightlib__27_fightLib.Lessons.hardness.Low.png,fightlib.swf,27_fightLib.Lessons.hardness.Low.png,101,51,"'Sơ/Nível)"
05-icones,churchroom__94_asset.church.room.FatherPaopao1.png,churchroom.swf,94_asset.church.room.FatherPaopao1.png,162,94,"Senhor, viemos diante de Vós pedir Vossa bênção"
05-icones,churchroom__78_asset.church.room.FatherPaopao3.png,churchroom.swf,78_asset.church.room.FatherPaopao3.png,173,71,"Você aceita este homem como seu marido?"
05-icones,churchroom__90_asset.church.room.FatherPaopao13.png,churchroom.swf,90_asset.church.room.FatherPaopao13.png,179,94,"Eu aceito você como meu marido, na riqueza ou na pobreza"
05-icones,churchroom__91_asset.church.room.FatherPaopao12.png,churchroom.swf,91_asset.church.room.FatherPaopao12.png,152,71,"na saúde ou na doença, vou amar e respeitar você por toda a vida"
05-icones,churchroom__89_asset.church.room.FatherPaopao14.png,churchroom.swf,89_asset.church.room.FatherPaopao14.png,152,71,"na saúde ou na doença, vou amar e respeitar você por toda a vida"
05-icones,game__167_asset.game.buff101.jpg,game.swf,167_asset.game.buff101.jpg,78,78,""
05-icones,churchroom__92_asset.church.room.FatherPaopao11.png,churchroom.swf,92_asset.church.room.FatherPaopao11.png,179,94,"Eu juro aceitar você como minha esposa, na riqueza ou na pobreza"
05-icones,churchroom__81_asset.church.room.FatherPaopao21.png,churchroom.swf,81_asset.church.room.FatherPaopao21.png,173,71,"Deus uniu vocês dois; ninguém pode separá-los. Amém"
05-icones,hotspringroomlist__5_asset.HotSpringMainView.nextBtnAsset.png,hotspringroomlist.swf,5_asset.HotSpringMainView.nextBtnAsset.png,46,22,""
05-icones,churchroomlist__21_asset.church.main.btnPageNextAsset.png,churchroomlist.swf,21_asset.church.main.btnPageNextAsset.png,46,22,""
05-icones,churchroom__88_asset.church.room.FatherPaopao15.png,churchroom.swf,88_asset.church.room.FatherPaopao15.png,173,94,"Que Deus bendiga Seus filhos amados"
05-icones,churchroom__34_asset.church.room.menuShowPaoAsset.png,churchroom.swf,34_asset.church.room.menuShowPaoAsset.png,107,22,""
05-icones,challengeroom__1_asset.room.challengeChooseMap.RoundTime.png,challengeroom.swf,1_asset.room.challengeChooseMap.RoundTime.png,232,26,""
05-icones,churchroom__86_asset.church.room.FatherPaopao17.png,churchroom.swf,86_asset.church.room.FatherPaopao17.png,194,71,"Eu te dou este anel como prova do meu amor"
05-icones,churchroom__84_asset.church.room.FatherPaopao19.png,churchroom.swf,84_asset.church.room.FatherPaopao19.png,194,71,"Eu te dou este anel como prova do meu amor"
05-icones,churchroom__74_asset.church.room.FatherPaopao7.png,churchroom.swf,74_asset.church.room.FatherPaopao7.png,173,71,"Você aceita esta mulher como sua esposa?"
05-icones,gameii__569.png,gameii.swf,569.png,38,31,""
05-icones,room__57_asset.room.roomHardLevelAsset.png,room.swf,57_asset.room.roomHardLevelAsset.png,120,25,"Nível da sala"
05-icones,churchroom__80_asset.church.room.FatherPaopao22.png,churchroom.swf,80_asset.church.room.FatherPaopao22.png,173,48,"O padre testemunhou os votos de vocês dois"
05-icones,challengeroom__3_asset.room.challengeChooseMap.ChooseMapBitmap.png,challengeroom.swf,3_asset.room.challengeChooseMap.ChooseMapBitmap.png,108,25,""
05-icones,room__99_asset.room.view.smallMapInfoPanel._15secondsAsset_.png,room.swf,99_asset.room.view.smallMapInfoPanel.§15secondsAsset§.png,52,22,"5 segundos,"
05-icones,churchroom__72_asset.church.room.FatherPaopao9.png,churchroom.swf,72_asset.church.room.FatherPaopao9.png,173,48,"Para sempre ao lado dela?"
05-icones,churchroom__76_asset.church.room.FatherPaopao5.png,churchroom.swf,76_asset.church.room.FatherPaopao5.png,173,48,"Para sempre ao lado dele?"
05-icones,churchroomlist__16_asset.church.roomCreateIntroAsset.png,churchroomlist.swf,16_asset.church.roomCreateIntroAsset.png,76,23,""
05-icones,room__96_asset.room.view.smallMapInfoPanel._10secondsAsset_.png,room.swf,96_asset.room.view.smallMapInfoPanel.§10secondsAsset§.png,52,22,""
05-icones,game__158_asset.game.buff40.png,game.swf,158_asset.game.buff40.png,36,36,""
05-icones,game__113_asset.game.buff48.png,game.swf,113_asset.game.buff48.png,36,36,""
05-icones,room__28_asset.room.levelAsset.png,room.swf,28_asset.room.levelAsset.png,49,19,"Nível:"
05-icones,churchroom__83_asset.church.room.FatherPaopao2.png,churchroom.swf,83_asset.church.room.FatherPaopao2.png,179,94,"hoje e para sempre"
05-icones,game__85_asset.game.getPropCiteAsset.png,game.swf,85_asset.game.getPropCiteAsset.png,47,29,""
05-icones,churchroomlist__4_asset.church.roomEnterRoomNameAsset.png,churchroomlist.swf,4_asset.church.roomEnterRoomNameAsset.png,86,25,""
05-icones,room__14_asset.room.hardTxtAsset.png,room.swf,14_asset.room.hardTxtAsset.png,36,21,"Difícil)"
05-icones,churchroomlist__14_asset.church.roomCreatePwdLabelAsset.png,churchroomlist.swf,14_asset.church.roomCreatePwdLabelAsset.png,33,20,"Senha"
05-icones,game__225_asset.game.achiev.num1.png,game.swf,225_asset.game.achiev.num1.png,43,59,""
05-icones,room__92_asset.room.view.roomSignalCommonAsset.png,room.swf,92_asset.room.view.roomSignalCommonAsset.png,41,26,"Normal"
05-icones,room__91_asset.room.view.roomSignalBadAsset.png,room.swf,91_asset.room.view.roomSignalBadAsset.png,41,26,"Ruim"
05-icones,room__93_asset.room.view.roomSignalGoodAsset.png,room.swf,93_asset.room.view.roomSignalGoodAsset.png,41,26,"Boa"
06-combate-outros,petsbag__33_petsBag.eat.bg.png,petsbag.swf,33_petsBag.eat.bg.png,564,396,""
06-combate-outros,weekly__23_asset.weekly.Bg.png,weekly.swf,23_asset.weekly.Bg.png,877,569,""
06-combate-outros,choicefigure__25.png,choicefigure.swf,25.png,332,400,""
06-combate-outros,petsbag__457.png,petsbag.swf,457.png,438,445,"ÕL mm). lề Habilidade! cv 4 (0 b 1"
06-combate-outros,petsbag__37_petsBag.evolution.bg.png,petsbag.swf,37_petsBag.evolution.bg.png,559,392,""
06-combate-outros,_corei__189_asset.core.consortionManager.BG.png,_corei.swf,189_asset.core.consortionManager.BG.png,352,434,""
06-combate-outros,baglocked__9_asset.baglocked.explain.png,baglocked.swf,9_asset.baglocked.explain.png,353,314,"Sau khi tạo mật mã bảo vệ cắp 2 thì mỗi lằn đăng nhập vật sẽ ở trạng thái khóa, ở trạng thái này nhân vật khôr thực hiện các chức năng: 1. Mua bán vật phẩm 2. Đầu giá vật phẩm. 3. Trả Moedas 4. Cồng hiền Gulld 5. Rèn 6. Bỏ vật phẩm. Mỗi lằn đăng nhập phải chọn \"mở khóa\", và nhập mật m. xác rồi mới có sử dụng các chức năng này. Chú ý: Mật mã Nível 2 không nên trùng với mật mã đang Nếu quên mật mã, xin liên hệ bộ phận khách hàng."
06-combate-outros,chatball__556.png,chatball.swf,556.png,328,292,""
06-combate-outros,chatball__389.png,chatball.swf,389.png,436,241,""
06-combate-outros,gemstone__2_gemstone.rigth.view.png,gemstone.swf,2_gemstone.rigth.view.png,375,411,""
06-combate-outros,trainer__4_asset.trainer.ghostTip.png,trainer.swf,4_asset.trainer.ghostTip.png,555,140,"Bạn đã thành ma, có thể dùng chuột để nhặt Baú, có nhiều đạo cụ hay lắm đó. Chú ý: Đạo cụ nhặt được có thể dùng ZXC hỗ trợ <@# lúc đồng đội hành động."
06-combate-outros,oldTrainer__5_asset.trainer.ghostTip.png,oldTrainer.swf,5_asset.trainer.ghostTip.png,555,140,"Bạn đã thành ma, có thể dùng chuột để nhặt Baú, có nhiều đạo cụ hay lắm đó. Chú ý: Đạo cụ nhặt được có thể dùng ZXC hỗ trợ <@# lúc đồng đội hành động."
06-combate-outros,chat__330.png,chat.swf,330.png,234,236,""
06-combate-outros,_corei__165_asset.core.checkCodeBgAsset.png,_corei.swf,165_asset.core.checkCodeBgAsset.png,209,251,""
06-combate-outros,_corei__52_asset.church.AgreeProposeAsset.png,_corei.swf,52_asset.church.AgreeProposeAsset.png,447,191,"Felicidades e longa vida! Realize o casamento para provar seu amor"
06-combate-outros,_corei__109_asset.clearingInterface.clearing.png,_corei.swf,109_asset.clearingInterface.clearing.png,395,99,"Bạn cần 15 Moedas › Bạn đã mua vật phẩm"
06-combate-outros,giftsystem__21_asset.GiftRecord.noGift.png,giftsystem.swf,21_asset.GiftRecord.noGift.png,281,204,""
06-combate-outros,enthrall__2_asset.core.view.enthrall.ValidateFrameBG.png,enthrall.swf,2_asset.core.view.enthrall.ValidateFrameBG.png,420,237,""
06-combate-outros,shop__16_asset.shop.LeftMoneyPanel.png,shop.swf,16_asset.shop.LeftMoneyPanel.png,305,145,"Ban hien co êi Ø2 Moedas Viễxm ÔỔrcves"
06-combate-outros,choicefigure__57.png,choicefigure.swf,57.png,173,226,"77 .”-.„ S HN — $ á x Moedas em"
06-combate-outros,choicefigure__12_asset.choicefigure.btnEnterGame_up.png,choicefigure.swf,12_asset.choicefigure.btnEnterGame_up.png,219,84,""
06-combate-outros,_corei__179_asset.church.UnmarryAsset.png,_corei.swf,179_asset.church.UnmarryAsset.png,450,115,""
06-combate-outros,civil__3_asset.civil.titleAseet.png,civil.swf,3_asset.civil.titleAseet.png,411,47,""
06-combate-outros,enthrall__10_asset.core.view.enthrall.Alert.png,enthrall.swf,10_asset.core.view.enthrall.Alert.png,358,122,""
06-combate-outros,email__30_asset.email.helpPageWord.png,email.swf,30_asset.email.helpPageWord.png,301,296,"[cản uy các điểm eau Gây khe dụng THƯA 9. 0©9ng0380z0 võng vợt ph ôm 0066, ®, (00gf0to t4 ysm, tren h0 gfem gi njeooenraYdvelthannioanMoedas se @ugplisentie, ®, tromngtltoned (i3gteoGyttegotftfip Œgnttexgenthediebbga, 4, TùeieoGyoe9lign ongPyotipen @gott]e9lben s ngyp@epth0igiennay [xrosoisoixoolug (8, t00ntgatpt®rm ciatdðmtotgvgt t9gPJEmwonmyooconetlttogsb"
06-combate-outros,trainerui__56.png,trainerui.swf,56.png,349,44,""
06-combate-outros,totem__8_asset.totem.infoView.levelBg.png,totem.swf,8_asset.totem.infoView.levelBg.png,441,38,"| Nível Vật Tỗ 1"
06-combate-outros,_corei__93_asset.church.UnmarriedAsset.png,_corei.swf,93_asset.church.UnmarriedAsset.png,339,71,"Você e essa pessoa resolveram o relacionamento conjugal. Você está solteiro(a) novamente."
06-combate-outros,choicefigure__4_asset.choicefigure.rightBackground.jpg,choicefigure.swf,4_asset.choicefigure.rightBackground.jpg,1000,600,""
06-combate-outros,trainerui__41.png,trainerui.swf,41.png,321,44,""
06-combate-outros,_corei__197_asset.clearingInterface.buyMoney.png,_corei.swf,197_asset.clearingInterface.buyMoney.png,175,59,"4 n Moedas ^ V2 CXXCXXXLXXCXXZSCX ¿2£ Nạp 2 ò p nh hà quẾả: <2xx*rz=zz=z==z2~ 2 -"
06-combate-outros,login__8_login.chooserole.listbackground.png,login.swf,8_login.chooserole.listbackground.png,350,288,""
06-combate-outros,chat__382.png,chat.swf,382.png,100,101,""
06-combate-outros,trainerui__86.png,trainerui.swf,86.png,283,44,""
06-combate-outros,trainerui__29.png,trainerui.swf,29.png,280,44,""
06-combate-outros,littlegame__16_asset.littleGame.btnEnterGame.png,littlegame.swf,16_asset.littleGame.btnEnterGame.png,195,65,""
06-combate-outros,login__7_login.ChooseRole.btnEnterGame_down.png,login.swf,7_login.ChooseRole.btnEnterGame_down.png,188,44,""
06-combate-outros,login__6_login.ChooseRole.btnEnterGame_over.png,login.swf,6_login.ChooseRole.btnEnterGame_over.png,188,44,""
06-combate-outros,texpsystem__7_asset.texpSystem.texp.png,texpsystem.swf,7_asset.texpSystem.texp.png,162,46,""
06-combate-outros,baglocked__1_asset.baglocked.warmPromptAsset.png,baglocked.swf,1_asset.baglocked.warmPromptAsset.png,273,24,"(hỂs goÖ; Ghi nhớ mật mã Nível 2"
06-combate-outros,trainerui__23.png,trainerui.swf,23.png,245,44,""
06-combate-outros,times__18_asset.times.MenuButton_3Un.png,times.swf,18_asset.times.MenuButton_3Un.png,85,101,""
06-combate-outros,login__5_login.ChooseRole.btnEnterGame_up.png,login.swf,5_login.ChooseRole.btnEnterGame_up.png,188,44,""
06-combate-outros,petsbag__34_assets.petsBag.eatPets.eatPetsButton.png,petsbag.swf,34_assets.petsBag.eatPets.eatPetsButton.png,112,47,"Manh hoa Mascote"
06-combate-outros,farmpettrainerui__44.png,farmpettrainerui.swf,44.png,459,79,"Gó thô Fusão cáo thành phẩm eây trồng đề tạo ra Tihứe Ấn Thú Cung"
06-combate-outros,_corei__296.png,_corei.swf,296.png,93,73,""
06-combate-outros,_corei__275.png,_corei.swf,275.png,93,73,""
06-combate-outros,petsbag__35_petsBag.eatPets.selectedButton.png,petsbag.swf,35_petsBag.eatPets.selectedButton.png,118,38,""
06-combate-outros,petsbag__27_petsBag.form.bg.jpg,petsbag.swf,27_petsBag.form.bg.jpg,561,398,""
06-combate-outros,trainer1__5.png,trainer1.swf,5.png,282,171,"1| @=HIJ Gichuyên” nhặtArma vàinón"
06-combate-outros,farmpettrainerui__26.png,farmpettrainerui.swf,26.png,507,76,""
06-combate-outros,petsbag__36_petsBag.eatPets.unSelectedButton.png,petsbag.swf,36_petsBag.eatPets.unSelectedButton.png,116,35,""
06-combate-outros,littlegame__10_asset.littleGame.InhaleNote.png,littlegame.swf,10_asset.littleGame.InhaleNote.png,430,54,""
06-combate-outros,chatball__231.png,chatball.swf,231.png,139,130,""
06-combate-outros,chickactivation__21_assets.chickActivation.mainTitle.png,chickactivation.swf,21_assets.chickActivation.mainTitle.png,365,72,""
06-combate-outros,civil__24_asset.civil.leftViewBgIIAsset.png,civil.swf,24_asset.civil.leftViewBgIIAsset.png,476,341,""
06-combate-outros,farmpettrainerui__60.png,farmpettrainerui.swf,60.png,685,44,""
06-combate-outros,shop__122_asset.shop.BtnSaveFigure.png,shop.swf,122_asset.shop.BtnSaveFigure.png,103,46,""
06-combate-outros,trainerui__3_asset.trainer.secondBg.png,trainerui.swf,3_asset.trainer.secondBg.png,347,215,"Sau 8 tiếng 0m@9(W8nf Baú thời gian 006ng online dng Gồm thô gfem G9)"
06-combate-outros,guildmemberweek__75.png,guildmemberweek.swf,75.png,164,80,""
06-combate-outros,changecolor__5_asset.changeColor.changeColorBtnImg.png,changecolor.swf,5_asset.changeColor.changeColorBtnImg.png,140,34,""
06-combate-outros,civil__18_asset.civil.name2Title.png,civil.swf,18_asset.civil.name2Title.png,222,26,""
06-combate-outros,trainerui__83.png,trainerui.swf,83.png,609,44,""
06-combate-outros,effort__15_asset.Effort.iconBg.png,effort.swf,15_asset.Effort.iconBg.png,94,74,""
06-combate-outros,trainerui__62.png,trainerui.swf,62.png,513,44,""
06-combate-outros,tutorialstepassets__34_asset.tutorialstep.iknow.png,tutorialstepassets.swf,34_asset.tutorialstep.iknow.png,116,45,"Eu sei."
06-combate-outros,oldTutorialstepassets__34_asset.tutorialstep.iknow.png,oldTutorialstepassets.swf,34_asset.tutorialstep.iknow.png,116,45,"Eu sei."
06-combate-outros,tutorialstepassets__30_asset.tutorialstep.text_s11.png,tutorialstepassets.swf,30_asset.tutorialstep.text_s11.png,435,66,"Vừa nhận được 1 món Arma, Equipamento Arma chứ. Mời bạn làm theo mũi tên để mở túi."
06-combate-outros,oldTutorialstepassets__30_asset.tutorialstep.text_s11.png,oldTutorialstepassets.swf,30_asset.tutorialstep.text_s11.png,435,66,"Vừa nhận được 1 món Arma, Equipamento Arma chứ. Mời bạn làm theo mũi tên để mở túi."
06-combate-outros,trainerui__71.png,trainerui.swf,71.png,495,44,""
06-combate-outros,trainerui__92.png,trainerui.swf,92.png,549,44,""
06-combate-outros,trainerui__77.png,trainerui.swf,77.png,476,44,""
06-combate-outros,trainerui__74.png,trainerui.swf,74.png,457,44,""
06-combate-outros,shop__110_asset.shop.ShopSearchEndBtn.png,shop.swf,110_asset.shop.ShopSearchEndBtn.png,106,37,"Resultado"
06-combate-outros,_corei__204_game.crazyTank.view.Prop33Asset.png,_corei.swf,204_game.crazyTank.view.Prop33Asset.png,73,74,""
06-combate-outros,trainerui__89.png,trainerui.swf,89.png,431,44,""
06-combate-outros,farmpettrainerui__15.png,farmpettrainerui.swf,15.png,570,44,"Sementes e fertilizantes podem ser comprados aqui."
06-combate-outros,toffilist__53_asset.Toffilist.lookEquip_btnAsset.png,toffilist.swf,53_asset.Toffilist.lookEquip_btnAsset.png,90,38,"TC In 2Xem'Equipamento 22227222777502/7,"
06-combate-outros,farmpettrainerui__19.png,farmpettrainerui.swf,19.png,496,44,"Chọn số lượng Fusão rồi ollett tại đây!"
06-combate-outros,trainerui__35.png,trainerui.swf,35.png,403,44,"(le @Ô tê Missão nam phêm (hưởng"
06-combate-outros,farmpettrainerui__12.png,farmpettrainerui.swf,12.png,571,44,"Espere a planta florescer e dar frutos antes de colher"
06-combate-outros,giftsystem__15_asset.giftAndRecord.record2.png,giftsystem.swf,15_asset.giftAndRecord.record2.png,118,41,""
06-combate-outros,giftsystem__29_asset.giftAndRecord.myGift2.png,giftsystem.swf,29_asset.giftAndRecord.myGift2.png,124,40,""
06-combate-outros,farmpettrainerui__67.png,farmpettrainerui.swf,67.png,471,44,"Cfliet tại đây độ Mascote Moedasất Chiên!"
06-combate-outros,storefinebringup__9.png,storefinebringup.swf,9.png,381,47,"Clique para aprimorar a joia"
06-combate-outros,farmpettrainerui__30.png,farmpettrainerui.swf,30.png,570,44,""
06-combate-outros,trainer1__76.png,trainer1.swf,76.png,282,148,""
06-combate-outros,shop__87_asset.shop.TopBtnFreeDown.png,shop.swf,87_asset.shop.TopBtnFreeDown.png,90,35,"Receber grátis"
06-combate-outros,civil__32_asset.civil.amendBtnAsset.png,civil.swf,32_asset.civil.amendBtnAsset.png,109,30,"Editar informações"
06-combate-outros,civil__5_asset.civil.stateTitle.png,civil.swf,5_asset.civil.stateTitle.png,116,26,""
06-combate-outros,farmpettrainerui__79.png,farmpettrainerui.swf,79.png,479,44,"Chọn Habilidade chiền đều của Mascote"
06-combate-outros,civil__31_asset.civil.courtshipBtnAsset.png,civil.swf,31_asset.civil.courtshipBtnAsset.png,94,33,"Pedido de casamento"
06-combate-outros,farmpettrainerui__4.png,farmpettrainerui.swf,4.png,519,44,"Você pode colher furtivamente na horta dos amigos"
06-combate-outros,farmpettrainerui__52.png,farmpettrainerui.swf,52.png,405,44,"Use fertilizante, compre aqui"
06-combate-outros,tutorialstepassets__33_asset.tutorialstep.text_a44.png,tutorialstepassets.swf,33_asset.tutorialstep.text_a44.png,280,66,"Dùng chuột trái chọn Arma, đặt vào góc trái khung Equipamento."
06-combate-outros,tutorialstepassets__13_asset.tutorialstep.text_s44.png,tutorialstepassets.swf,13_asset.tutorialstep.text_s44.png,280,66,"Dùng chuột trái chọn Arma, đặt vào góc trái khung Equipamento."
06-combate-outros,oldTutorialstepassets__33_asset.tutorialstep.text_a44.png,oldTutorialstepassets.swf,33_asset.tutorialstep.text_a44.png,280,66,"Dùng chuột trái chọn Arma, đặt vào góc trái khung Equipamento."
06-combate-outros,oldTutorialstepassets__13_asset.tutorialstep.text_s44.png,oldTutorialstepassets.swf,13_asset.tutorialstep.text_s44.png,280,66,"Dùng chuột trái chọn Arma, đặt vào góc trái khung Equipamento."
06-combate-outros,civil__4_asset.civil.talkBtnAsset.png,civil.swf,4_asset.civil.talkBtnAsset.png,94,33,"Chat privado"
06-combate-outros,farmpettrainerui__71.png,farmpettrainerui.swf,71.png,421,44,""
06-combate-outros,civil__30_asset.civil.equipBtnAsset.png,civil.swf,30_asset.civil.equipBtnAsset.png,94,33,"| Equipamento"
06-combate-outros,farmpettrainerui__75.png,farmpettrainerui.swf,75.png,448,44,"Clique aqui para adotar um mascote"
06-combate-outros,civil__34_asset.civil.addBtnAsset.png,civil.swf,34_asset.civil.addBtnAsset.png,94,33,"Adicionar amigo"
06-combate-outros,toffilist__7_asset.Toffilist.personalAssetII.png,toffilist.swf,7_asset.Toffilist.personalAssetII.png,86,38,"Pessoal"
06-combate-outros,farmpettrainerui__64.png,farmpettrainerui.swf,64.png,450,44,"Vamos lutar junto com a equipe!"
06-combate-outros,tutorialstepassets__21_asset.tutorialstep.text_s36.png,tutorialstepassets.swf,21_asset.tutorialstep.text_s36.png,252,66,"Estamos na loja, vamos escolher uma roupa para experimentar"
06-combate-outros,oldTutorialstepassets__21_asset.tutorialstep.text_s36.png,oldTutorialstepassets.swf,21_asset.tutorialstep.text_s36.png,252,66,"Estamos na loja, vamos escolher uma roupa para experimentar"
06-combate-outros,_corei__124_cityWide.addFriendBt.png,_corei.swf,124_cityWide.addFriendBt.png,150,53,"Adicionar amigo"
06-combate-outros,shop__1_asset.shop.DressBtnDown.png,shop.swf,1_asset.shop.DressBtnDown.png,86,32,"Sala de teste."
06-combate-outros,farmpettrainerui__8.png,farmpettrainerui.swf,8.png,418,44,"Você pode visitar a horta dos amigos"
06-combate-outros,shop__124_asset.shop.CartBtnDown.png,shop.swf,124_asset.shop.CartBtnDown.png,86,32,"Carrinho"
06-combate-outros,farmpettrainerui__22.png,farmpettrainerui.swf,22.png,367,44,"Chọn vật phẩm đồ Fusão"
06-combate-outros,giftsystem__14_asset.giftAndRecord.record1.png,giftsystem.swf,14_asset.giftAndRecord.record1.png,118,41,"Registro de presentes"
06-combate-outros,_corei__201_asset.clearingInterface.chooseFriendBtn.png,_corei.swf,201_asset.clearingInterface.chooseFriendBtn.png,107,31,""
06-combate-outros,toffilist__8_asset.Toffilist.personalAssetI.png,toffilist.swf,8_asset.Toffilist.personalAssetI.png,86,35,"Pessoal"
06-combate-outros,tutorialstepassets__8_asset.tutorialstep.text_s51.png,tutorialstepassets.swf,8_asset.tutorialstep.text_s51.png,254,66,"Hoàn thành Missão là cách tốt nhất để tăng Nível."
06-combate-outros,oldTutorialstepassets__8_asset.tutorialstep.text_s51.png,oldTutorialstepassets.swf,8_asset.tutorialstep.text_s51.png,254,66,"Hoàn thành Missão là cách tốt nhất để tăng Nível."
06-combate-outros,farmpettrainerui__40.png,farmpettrainerui.swf,40.png,355,44,"Escolha a semente primeiro"
06-combate-outros,oldTrainer__4_asset.trainer.guide.guide.png,oldTrainer.swf,4_asset.trainer.guide.guide.png,256,74,"Chúng ta thử uy lực của Arma mới xem. Nhắn xác nhận sau đó tiếp tục huấn luyện tân thủ."
06-combate-outros,farmpettrainerui__36.png,farmpettrainerui.swf,36.png,367,44,""
06-combate-outros,tutorialstepassets__1_asset.tutorialstep.text_s61.png,tutorialstepassets.swf,1_asset.tutorialstep.text_s61.png,230,66,"Hoàn thành Missão là cách tốt nhất để tăng Nível."
06-combate-outros,oldTutorialstepassets__1_asset.tutorialstep.text_s61.png,oldTutorialstepassets.swf,1_asset.tutorialstep.text_s61.png,230,66,"Hoàn thành Missão là cách tốt nhất để tăng Nível."
06-combate-outros,farmpettrainerui__48.png,farmpettrainerui.swf,48.png,367,44,"Já pode ser colhido"
06-combate-outros,farmpettrainerui__33.png,farmpettrainerui.swf,33.png,367,44,"Escolha um tipo de semente"
06-combate-outros,tutorialstepassets__11_asset.tutorialstep.text_s46.png,tutorialstepassets.swf,11_asset.tutorialstep.text_s46.png,415,32,"Nhấp thẻ \"Fortalecimento\" để tiền hành Fortalecimento."
06-combate-outros,oldTutorialstepassets__11_asset.tutorialstep.text_s46.png,oldTutorialstepassets.swf,11_asset.tutorialstep.text_s46.png,415,32,"Nhấp thẻ \"Fortalecimento\" để tiền hành Fortalecimento."
06-combate-outros,shop__92_asset.shop.TopBtnRecommendDown.png,shop.swf,92_asset.shop.TopBtnRecommendDown.png,66,34,""
06-combate-outros,shop__81_asset.shop.TopBtnBeautyupDown.png,shop.swf,81_asset.shop.TopBtnBeautyupDown.png,66,34,"Beleza"
06-combate-outros,shop__83_asset.shop.TopBtnEquipmentDown.png,shop.swf,83_asset.shop.TopBtnEquipmentDown.png,66,34,"Equipamento"
06-combate-outros,farmpettrainerui__56.png,farmpettrainerui.swf,56.png,330,44,"Escolha um tipo de fertilizante"
06-combate-outros,shop__90_asset.shop.TopBtnPropDown.png,shop.swf,90_asset.shop.TopBtnPropDown.png,66,34,"Itens"
06-combate-outros,petsbag__39_petsBag.evolution.unSelectedButton.png,petsbag.swf,39_petsBag.evolution.unSelectedButton.png,116,35,"Evolução"
06-combate-outros,shop__93_asset.shop.TopBtnRecommendUp.png,shop.swf,93_asset.shop.TopBtnRecommendUp.png,66,32,"Apresentação"
06-combate-outros,petsbag__32_petsBag.risingStar.petsBag.unSelectedButton.png,petsbag.swf,32_petsBag.risingStar.petsBag.unSelectedButton.png,116,35,"Aumentar Estrela"
06-combate-outros,shop__82_asset.shop.TopBtnBeautyupUp.png,shop.swf,82_asset.shop.TopBtnBeautyupUp.png,66,32,"Embelezar"
06-combate-outros,shop__84_asset.shop.TopBtnEquipmentUp.png,shop.swf,84_asset.shop.TopBtnEquipmentUp.png,66,32,"Vvv-YAIUS7 MI Equipamento"
06-combate-outros,_corei__116_asset.church.lookEquipAsset.png,_corei.swf,116_asset.church.lookEquipAsset.png,101,24,"Ver equipamento"
06-combate-outros,shop__91_asset.shop.TopBtnPropUp.png,shop.swf,91_asset.shop.TopBtnPropUp.png,66,32,"Itens"
06-combate-outros,tutorialstepassets__26_asset.tutorialstep.text_s28.png,tutorialstepassets.swf,26_asset.tutorialstep.text_s28.png,429,38,"Clique com o mouse e depois ataque"
06-combate-outros,oldTutorialstepassets__26_asset.tutorialstep.text_s28.png,oldTutorialstepassets.swf,26_asset.tutorialstep.text_s28.png,429,38,"Clique com o mouse e depois ataque"
06-combate-outros,toffilist__86_asset.Toffilist.charmvalueImg2Asset.png,toffilist.swf,86_asset.Toffilist.charmvalueImg2Asset.png,64,30,"Guia"
06-combate-outros,toffilist__93_asset.Toffilist.meansImg2Asset.png,toffilist.swf,93_asset.Toffilist.meansImg2Asset.png,64,30,""
06-combate-outros,toffilist__57_asset.Toffilist.gradeOrderImg2Asset.png,toffilist.swf,57_asset.Toffilist.gradeOrderImg2Asset.png,64,30,"mGipm Nível"
06-combate-outros,petsbag__31_petsBag.risingStar.petsBag.selectedButton.png,petsbag.swf,31_petsBag.risingStar.petsBag.selectedButton.png,118,38,"(Aumentar Estrela"
06-combate-outros,toffilist__44_asset.Toffilist.prePageImgAsset.png,toffilist.swf,44_asset.Toffilist.prePageImgAsset.png,80,30,"Anterior"
06-combate-outros,im__19_asset.IM.MicroBlog_01.png,im.swf,19_asset.IM.MicroBlog_01.png,64,31,"Blog"
06-combate-outros,tutorialstepassets__6_asset.tutorialstep.text_s53.png,tutorialstepassets.swf,6_asset.tutorialstep.text_s53.png,339,31,"Vamos criar uma sala, escolha o salão principal"
06-combate-outros,oldTutorialstepassets__6_asset.tutorialstep.text_s53.png,oldTutorialstepassets.swf,6_asset.tutorialstep.text_s53.png,339,31,"Vamos criar uma sala, escolha o salão principal"
06-combate-outros,petsbag__360.png,petsbag.swf,360.png,374,227,""
06-combate-outros,petsbag__265.png,petsbag.swf,265.png,374,227,""
06-combate-outros,civil__33_asset.civil.addBtnBigAsset.png,civil.swf,33_asset.civil.addBtnBigAsset.png,96,44,"Adicionar amigo"
06-combate-outros,toffilist__103_asset.Toffilist.achievementpointImg2Asset.png,toffilist.swf,103_asset.Toffilist.achievementpointImg2Asset.png,64,30,"(Conquista"
06-combate-outros,_corei__4_asset.church.ProposeBuyRingAsset.png,_corei.swf,4_asset.church.ProposeBuyRingAsset.png,300,47,"Bạn không oó nhẫn cưới, không thể cầu hôn. Mua nhẫn cần 999 Moedas"
06-combate-outros,_corei__186_cityWide.cityWideTextBg.png,_corei.swf,186_cityWide.cityWideTextBg.png,179,74,"Olá a todos! Vamos ser amigos juntos na cidade!"
06-combate-outros,_corei__128_asset.league.leagueNotice.png,_corei.swf,128_asset.league.leagueNotice.png,179,74,"Olá a todos! Vamos ser amigos juntos na cidade!"
06-combate-outros,tutorialstepassets__12_asset.tutorialstep.text_s45.png,tutorialstepassets.swf,12_asset.tutorialstep.text_s45.png,311,32,"Dùng chuột trái chọn đà Fortalecimento"
06-combate-outros,oldTutorialstepassets__12_asset.tutorialstep.text_s45.png,oldTutorialstepassets.swf,12_asset.tutorialstep.text_s45.png,311,32,"Dùng chuột trái chọn đà Fortalecimento"
06-combate-outros,toffilist__87_asset.Toffilist.charmvalueImg1Asset.png,toffilist.swf,87_asset.Toffilist.charmvalueImg1Asset.png,64,29,"Atraente"
06-combate-outros,tutorialstepassets__15_asset.tutorialstep.text_s42.png,tutorialstepassets.swf,15_asset.tutorialstep.text_s42.png,299,37,"Nhấp vào đây đóng bản Missão."
06-combate-outros,oldTutorialstepassets__15_asset.tutorialstep.text_s42.png,oldTutorialstepassets.swf,15_asset.tutorialstep.text_s42.png,299,37,"Nhấp vào đây đóng bản Missão."
06-combate-outros,tutorialstepassets__7_asset.tutorialstep.text_s52.png,tutorialstepassets.swf,7_asset.tutorialstep.text_s52.png,299,37,"Nhấp vào đây đóng bản Missão."
06-combate-outros,oldTutorialstepassets__7_asset.tutorialstep.text_s52.png,oldTutorialstepassets.swf,7_asset.tutorialstep.text_s52.png,299,37,"Nhấp vào đây đóng bản Missão."
06-combate-outros,tutorialstepassets__24_asset.tutorialstep.text_s33.png,tutorialstepassets.swf,24_asset.tutorialstep.text_s33.png,299,32,"Nhấp vào đây đóng bản Missão."
06-combate-outros,oldTutorialstepassets__24_asset.tutorialstep.text_s33.png,oldTutorialstepassets.swf,24_asset.tutorialstep.text_s33.png,299,32,"Nhấp vào đây đóng bản Missão."
06-combate-outros,enthrall__3_asset.core.view.enthrall.TipBG.png,enthrall.swf,3_asset.core.view.enthrall.TipBG.png,227,117,"As primeiras horas dão 100% de experiência — após 5 horas você não ganha mais experiência! Organize seu tempo e cuide da sua saúde!"
06-combate-outros,tutorialstepassets__18_asset.tutorialstep.text_s39.png,tutorialstepassets.swf,18_asset.tutorialstep.text_s39.png,274,32,"Clique aqui para ir à praça"
06-combate-outros,oldTutorialstepassets__18_asset.tutorialstep.text_s39.png,oldTutorialstepassets.swf,18_asset.tutorialstep.text_s39.png,274,32,"Clique aqui para ir à praça"
06-combate-outros,tutorialstepassets__10_asset.tutorialstep.text_s47.png,tutorialstepassets.swf,10_asset.tutorialstep.text_s47.png,273,32,"Clique aqui para ir à praça"
06-combate-outros,oldTutorialstepassets__10_asset.tutorialstep.text_s47.png,oldTutorialstepassets.swf,10_asset.tutorialstep.text_s47.png,273,32,"Clique aqui para ir à praça"
06-combate-outros,tutorialstepassets__9_asset.tutorialstep.text_s50.png,tutorialstepassets.swf,9_asset.tutorialstep.text_s50.png,303,32,"Nhấp chọn vào giao diện Missão"
06-combate-outros,oldTutorialstepassets__9_asset.tutorialstep.text_s50.png,oldTutorialstepassets.swf,9_asset.tutorialstep.text_s50.png,303,32,"Nhấp chọn vào giao diện Missão"
06-combate-outros,_corei__313.png,_corei.swf,313.png,70,70,"Vùng quay Sorte"
06-combate-outros,tutorialstepassets__17_asset.tutorialstep.text_s40.png,tutorialstepassets.swf,17_asset.tutorialstep.text_s40.png,301,32,"Nhấp chọn vào giao diện Missão"
06-combate-outros,oldTutorialstepassets__17_asset.tutorialstep.text_s40.png,oldTutorialstepassets.swf,17_asset.tutorialstep.text_s40.png,301,32,"Nhấp chọn vào giao diện Missão"
06-combate-outros,chat1__9_asset.chat.BugleViewBigBugle.png,chat1.swf,9_asset.chat.BugleViewBigBugle.png,94,46,""
06-combate-outros,chat__3_asset.chat.BugleViewBigBugle.png,chat.swf,3_asset.chat.BugleViewBigBugle.png,94,46,""
06-combate-outros,im__29_asset.IM.IMBtn_02.png,im.swf,29_asset.IM.IMBtn_02.png,75,26,"Amigos"
06-combate-outros,tutorialstepassets__19_asset.tutorialstep.text_s38.png,tutorialstepassets.swf,19_asset.tutorialstep.text_s38.png,289,32,"Clique no botão \"pagar\" para finalizar o pagamento"
06-combate-outros,oldTutorialstepassets__19_asset.tutorialstep.text_s38.png,oldTutorialstepassets.swf,19_asset.tutorialstep.text_s38.png,289,32,"Clique no botão \"pagar\" para finalizar o pagamento"
06-combate-outros,farmpettrainerui__1.png,farmpettrainerui.swf,1.png,236,44,"Clique para selecionar"
06-combate-outros,petsbag__88_assets.petsBag.fight1.png,petsbag.swf,88_assets.petsBag.fight1.png,112,35,"Moedasâttrận"
06-combate-outros,_corei__159_asset.core.ConsortiaAssetManager.buttomWord.png,_corei.swf,159_asset.core.ConsortiaAssetManager.buttomWord.png,345,30,"Membros precisam ter pontos de contribuição suficientes para usar esta função."
06-combate-outros,petsbag__14_petsBag.advanced.groom.png,petsbag.swf,14_petsBag.advanced.groom.png,160,50,""
06-combate-outros,tutorialstepassets__32_asset.tutorialstep.text_a45.png,tutorialstepassets.swf,32_asset.tutorialstep.text_a45.png,239,32,"Để vào trái ô Pedra de Fortalecimento"
06-combate-outros,oldTutorialstepassets__32_asset.tutorialstep.text_a45.png,oldTutorialstepassets.swf,32_asset.tutorialstep.text_a45.png,239,32,"Để vào trái ô Pedra de Fortalecimento"
06-combate-outros,enthrall__6_asset.core.view.enthrall.InfoNormal0.png,enthrall.swf,6_asset.core.view.enthrall.InfoNormal0.png,128,23,"(Experiência)"
06-combate-outros,effort__10_asset.Effort.RewardBtn.png,effort.swf,10_asset.Effort.RewardBtn.png,64,29,"Receber"
06-combate-outros,storefinebringup__1_asset.store.bringup.eatAllBtn.png,storefinebringup.swf,1_asset.store.bringup.eatAllBtn.png,141,49,"Aprimoramento rápido"
06-combate-outros,email__34_asset.email.friendBtn.png,email.swf,34_asset.email.friendBtn.png,92,33,"Amigos"
06-combate-outros,tutorialstepassets__4_asset.tutorialstep.text_s55.png,tutorialstepassets.swf,4_asset.tutorialstep.text_s55.png,205,32,"Clique em concordar para criar a sala"
06-combate-outros,oldTutorialstepassets__4_asset.tutorialstep.text_s55.png,oldTutorialstepassets.swf,4_asset.tutorialstep.text_s55.png,205,32,"Clique em concordar para criar a sala"
06-combate-outros,tutorialstepassets__23_asset.tutorialstep.text_s34.png,tutorialstepassets.swf,23_asset.tutorialstep.text_s34.png,212,32,"Clique aqui para entrar na loja"
06-combate-outros,oldTutorialstepassets__23_asset.tutorialstep.text_s34.png,oldTutorialstepassets.swf,23_asset.tutorialstep.text_s34.png,212,32,"Clique aqui para entrar na loja"
06-combate-outros,_corei__103_asset.church.RejectProposeAsset.png,_corei.swf,103_asset.church.RejectProposeAsset.png,368,88,"recusou o pedido de casamento, te deu um cartão de boa pessoa, e enviou um convite para sua caixa de correio"
06-combate-outros,tutorialstepassets__3_asset.tutorialstep.text_s56.png,tutorialstepassets.swf,3_asset.tutorialstep.text_s56.png,214,32,"Clique para começar a jogar"
06-combate-outros,tutorialstepassets__31_asset.tutorialstep.text_a57.png,tutorialstepassets.swf,31_asset.tutorialstep.text_a57.png,214,32,"Clique para começar a jogar"
06-combate-outros,oldTutorialstepassets__3_asset.tutorialstep.text_s56.png,oldTutorialstepassets.swf,3_asset.tutorialstep.text_s56.png,214,32,"Clique para começar a jogar"
06-combate-outros,oldTutorialstepassets__31_asset.tutorialstep.text_a57.png,oldTutorialstepassets.swf,31_asset.tutorialstep.text_a57.png,214,32,"Clique para começar a jogar"
06-combate-outros,chickactivation__14_assets.chickActivation.frameBtnSelected2.png,chickactivation.swf,14_assets.chickActivation.frameBtnSelected2.png,149,39,""
06-combate-outros,oldTutorialstepassets__2_asset.tutorialstep.text_s57.png,oldTutorialstepassets.swf,2_asset.tutorialstep.text_s57.png,228,32,"Preparando, aguarde..."
06-combate-outros,_corei__20_game.crazyTank.view.Prop12Asset.png,_corei.swf,20_game.crazyTank.view.Prop12Asset.png,61,61,""
06-combate-outros,shop__94_asset.shop.SubBtnFreeNycIconDown.png,shop.swf,94_asset.shop.SubBtnFreeNycIconDown.png,99,38,"Receber grátis"
06-combate-outros,tutorialstepassets__2_asset.tutorialstep.text_s57.png,tutorialstepassets.swf,2_asset.tutorialstep.text_s57.png,226,32,"Preparando, aguarde..."
06-combate-outros,_corei__192_asset.church.churchInviteMsgAsset.png,_corei.swf,192_asset.church.churchInviteMsgAsset.png,327,26,"convida você para o casamento, aceita?"
06-combate-outros,chat1__175.png,chat1.swf,175.png,323,304,""
06-combate-outros,chat__352.png,chat.swf,352.png,323,304,""
06-combate-outros,petsbag__63_assets.petsBag.prop19.jpg,petsbag.swf,63_assets.petsBag.prop19.jpg,78,78,""
06-combate-outros,chickactivation__3_assets.chickActivation.frameBtnSelected1.png,chickactivation.swf,3_assets.chickActivation.frameBtnSelected1.png,128,39,""
06-combate-outros,tutorialstepassets__14_asset.tutorialstep.text_s43.png,tutorialstepassets.swf,14_asset.tutorialstep.text_s43.png,187,32,"Clique para entrar na forja"
06-combate-outros,oldTutorialstepassets__14_asset.tutorialstep.text_s43.png,oldTutorialstepassets.swf,14_asset.tutorialstep.text_s43.png,187,32,"Clique para entrar na forja"
06-combate-outros,tutorialstepassets__16_asset.tutorialstep.text_s41.png,tutorialstepassets.swf,16_asset.tutorialstep.text_s41.png,201,32,"Clique para receber a recompensa"
06-combate-outros,oldTutorialstepassets__16_asset.tutorialstep.text_s41.png,oldTutorialstepassets.swf,16_asset.tutorialstep.text_s41.png,201,32,"Clique para receber a recompensa"
06-combate-outros,tutorialstepassets__20_asset.tutorialstep.text_s37.png,tutorialstepassets.swf,20_asset.tutorialstep.text_s37.png,213,32,"Clique para salvar a imagem"
06-combate-outros,oldTutorialstepassets__20_asset.tutorialstep.text_s37.png,oldTutorialstepassets.swf,20_asset.tutorialstep.text_s37.png,213,32,"Clique para salvar a imagem"
06-combate-outros,guildmemberweek__6_asset.guildmemberweek.AddRankingFrame.PlayerPoint.png.png,guildmemberweek.swf,6_asset.guildmemberweek.AddRankingFrame.PlayerPoint.png.png,331,21,"lHiệnTcó] PMoedasPinayinhâpTsó)MoedasTgópŠ"
06-combate-outros,tutorialstepassets__25_asset.tutorialstep.text_s31.png,tutorialstepassets.swf,25_asset.tutorialstep.text_s31.png,254,32,"Bạn có Missão mới, mời chọn"
06-combate-outros,oldTutorialstepassets__25_asset.tutorialstep.text_s31.png,oldTutorialstepassets.swf,25_asset.tutorialstep.text_s31.png,254,32,"Bạn có Missão mới, mời chọn"
06-combate-outros,_corei__73_asset.core.MyConsortiaTax.taxBG.png,_corei.swf,73_asset.core.MyConsortiaTax.taxBG.png,375,86,"Hiện có Moedas, mời nhập số lượng. NG 5 Treì gin"
06-combate-outros,petsbag__67_assets.petsBag.prop15.jpg,petsbag.swf,67_assets.petsBag.prop15.jpg,78,78,""
06-combate-outros,tutorialstepassets__28_asset.tutorialstep.text_s13.png,tutorialstepassets.swf,28_asset.tutorialstep.text_s13.png,174,32,"Lấy Arma bỏ vào ô"
06-combate-outros,oldTutorialstepassets__28_asset.tutorialstep.text_s13.png,oldTutorialstepassets.swf,28_asset.tutorialstep.text_s13.png,174,32,"Lấy Arma bỏ vào ô"
06-combate-outros,gemstone__16_gemstone.upGradeBtn.png,gemstone.swf,16_gemstone.upGradeBtn.png,115,49,""
06-combate-outros,trainer__91.png,trainer.swf,91.png,199,47,"Sala de Jogos)"
06-combate-outros,toffilist__24_asset.Toffilist.scoreAsset1.png,toffilist.swf,24_asset.Toffilist.scoreAsset1.png,59,35,"Pontos)"
06-combate-outros,littlegame__9_asset.littleGame.ScoreNote.png,littlegame.swf,9_asset.littleGame.ScoreNote.png,373,16,"Atenção: válido durante o dia; os pontos restantes serão convertidos em experiência ou mérito"
06-combate-outros,tutorialstepassets__22_asset.tutorialstep.text_s35.png,tutorialstepassets.swf,22_asset.tutorialstep.text_s35.png,162,32,"Chọn lọai Moedas khóa"
06-combate-outros,oldTutorialstepassets__22_asset.tutorialstep.text_s35.png,oldTutorialstepassets.swf,22_asset.tutorialstep.text_s35.png,162,32,"Chọn lọai Moedas khóa"
06-combate-outros,giftsystem__27_asset.giftAndRecord.myGift1.png,giftsystem.swf,27_asset.giftAndRecord.myGift1.png,118,41,"Meu presente"
06-combate-outros,_corei__3_asset.friendGroup.bg.png,_corei.swf,3_asset.friendGroup.bg.png,233,56,""
06-combate-outros,im__38_asset.IM.CMBtn_02.png,im.swf,38_asset.IM.CMBtn_02.png,75,26,"Lista de Redes Sociais"
06-combate-outros,tutorialstepassets__27_asset.tutorialstep.text_s14.png,tutorialstepassets.swf,27_asset.tutorialstep.text_s14.png,154,32,"Clique para fechar a bolsa"
06-combate-outros,oldTutorialstepassets__27_asset.tutorialstep.text_s14.png,oldTutorialstepassets.swf,27_asset.tutorialstep.text_s14.png,154,32,"Clique para fechar a bolsa"
06-combate-outros,email__17_asset.email.prompt.png,email.swf,17_asset.email.prompt.png,327,16,"Lembrete: esta é uma carta comum; cuidado com fraudes"
06-combate-outros,giftsystem__7_asset.giftShop.dessert2.png,giftsystem.swf,7_asset.giftShop.dessert2.png,55,23,""
06-combate-outros,enthrall__8_asset.core.view.enthrall.InfoBall100.png,enthrall.swf,8_asset.core.view.enthrall.InfoBall100.png,30,30,""
06-combate-outros,tutorialstepassets__29_asset.tutorialstep.text_s12.png,tutorialstepassets.swf,29_asset.tutorialstep.text_s12.png,141,32,"Nhấp lấy Arma"
06-combate-outros,oldTutorialstepassets__29_asset.tutorialstep.text_s12.png,oldTutorialstepassets.swf,29_asset.tutorialstep.text_s12.png,141,32,"Nhấp lấy Arma"
06-combate-outros,im__45_asset.IM.deleteFriendBtnAsset.png,im.swf,45_asset.IM.deleteFriendBtnAsset.png,77,27,""
06-combate-outros,giftsystem__17_asset.giftShop.hotGoods2.png,giftsystem.swf,17_asset.giftShop.hotGoods2.png,55,23,""
06-combate-outros,tutorialstepassets__5_asset.tutorialstep.text_s54.png,tutorialstepassets.swf,5_asset.tutorialstep.text_s54.png,143,32,"Escolher criar sala"
06-combate-outros,oldTutorialstepassets__5_asset.tutorialstep.text_s54.png,oldTutorialstepassets.swf,5_asset.tutorialstep.text_s54.png,143,32,"Escolher criar sala"
06-combate-outros,totem__49.png,totem.swf,49.png,146,146,""
06-combate-outros,shop__115_asset.shop.BtnColorPanel.png,shop.swf,115_asset.shop.BtnColorPanel.png,94,27,", tabela de cores"
06-combate-outros,email__10_asset.email.selectAllBtn2.png,email.swf,10_asset.email.selectAllBtn2.png,82,23,"Selecionar tudo"
06-combate-outros,guildmemberweek__1_asset.guildmemberweek.Main.smallrunking.png.png,guildmemberweek.swf,1_asset.guildmemberweek.Main.smallrunking.png.png,376,38,"Classificação Pessoal"
06-combate-outros,im__51_asset.IM.addFriendBtnAsset.png,im.swf,51_asset.IM.addFriendBtnAsset.png,77,27,""
06-combate-outros,shop__13_asset.shop.ShopItemCellClickTryBg.png,shop.swf,13_asset.shop.ShopItemCellClickTryBg.png,80,22,""
06-combate-outros,shop__123_asset.shop.BtnShopCart.png,shop.swf,123_asset.shop.BtnShopCart.png,99,30,"Carteira"
06-combate-outros,email__35_asset.email.factorage.png,email.swf,35_asset.email.factorage.png,109,22,"Phí: 100 Ouro"
06-combate-outros,setting__8_asset.setting.sliderBg.png,setting.swf,8_asset.setting.sliderBg.png,279,36,"pequeno) grande"
06-combate-outros,toffilist__72_asset.Toffilist.exploitOrderImg1Asset.png,toffilist.swf,72_asset.Toffilist.exploitOrderImg1Asset.png,64,29,"(Mérito"
06-combate-outros,_corei__166_asset.core.MyConsortiaTax.DonateBG.png,_corei.swf,166_asset.core.MyConsortiaTax.DonateBG.png,312,64,""
06-combate-outros,shop__58_asset.shop.SubBtnFuncIconUp.png,shop.swf,58_asset.shop.SubBtnFuncIconUp.png,85,35,"Função"
06-combate-outros,_corei__195_asset.clearingInterface.enough.png,_corei.swf,195_asset.clearingInterface.enough.png,172,22,"(17, Moedas không đủ )"
06-combate-outros,shop__57_asset.shop.SubBtnFuncIconDown.png,shop.swf,57_asset.shop.SubBtnFuncIconDown.png,81,31,""
06-combate-outros,toffilist__85_asset.Toffilist.charmvalueImgAsset1_2.png,toffilist.swf,85_asset.Toffilist.charmvalueImgAsset1_2.png,81,26,"Pontos de Atração"
06-combate-outros,email__13_asset.email.reciveMailBtn2.png,email.swf,13_asset.email.reciveMailBtn2.png,82,23,"Receber anexo"
06-combate-outros,petsbag__85_assets.petsBag.fightPower.png,petsbag.swf,85_assets.petsBag.fightPower.png,61,24,"Poder de Combate:"
06-combate-outros,shop__55_asset.shop.SubBtnGiftMedalPropIconUp.png,shop.swf,55_asset.shop.SubBtnGiftMedalPropIconUp.png,63,22,""
06-combate-outros,shop__78_asset.shop.SubBtnSuitIconUp.png,shop.swf,78_asset.shop.SubBtnSuitIconUp.png,69,35,"Conjunto de roupas"
06-combate-outros,chat__266.png,chat.swf,266.png,85,21,"/W Chat privado"
06-combate-outros,shop__69_asset.shop.SubBtnMedalIconUp.png,shop.swf,69_asset.shop.SubBtnMedalIconUp.png,87,35,"Medalha"
06-combate-outros,chat1__237.png,chat1.swf,237.png,85,21,"/W Chat privado"
06-combate-outros,shop__76_asset.shop.SubBtnSuitIconDown.png,shop.swf,76_asset.shop.SubBtnSuitIconDown.png,68,31,"Conjunto de roupas"
06-combate-outros,toffilist__50_asset.Toffilist.matchScoreDayAsset.png,toffilist.swf,50_asset.Toffilist.matchScoreDayAsset.png,73,26,"Pontos de hoje"
06-combate-outros,chickactivation__1_assets.chickActivation.selectAfterThreeDays.png,chickactivation.swf,1_assets.chickActivation.selectAfterThreeDays.png,106,36,"Sexta, Sábado, Domingo"
06-combate-outros,shop__56_asset.shop.SubBtnFaceIconUp.png,shop.swf,56_asset.shop.SubBtnFaceIconUp.png,71,35,"(Máscara"
06-combate-outros,shop__64_asset.shop.SubBtnHairIconUp.png,shop.swf,64_asset.shop.SubBtnHairIconUp.png,69,35,"Cabelo"
06-combate-outros,shop__101_asset.shop.PraiseRankingBtn2.png,shop.swf,101_asset.shop.PraiseRankingBtn2.png,72,27,"(Boa avaliação"
06-combate-outros,setting__18_asset.setting.academy.png,setting.swf,18_asset.setting.academy.png,195,18,"Apresentar mestre / Aceitar discípulo"
06-combate-outros,toffilist__49_asset.Toffilist.matchScoreWeekAsset.png,toffilist.swf,49_asset.Toffilist.matchScoreWeekAsset.png,73,26,"Pontos semanais"
06-combate-outros,chickactivation__2_assets.chickActivation.unSelectAfterThreeDays.png,chickactivation.swf,2_assets.chickActivation.unSelectAfterThreeDays.png,106,36,"Sexta, Sábado, Domingo"
06-combate-outros,shop__11_asset.shop.SubBtnGiftMedalBeautyupIconUp.png,shop.swf,11_asset.shop.SubBtnGiftMedalBeautyupIconUp.png,64,22,"Embelezar"
06-combate-outros,chat__272.png,chat.swf,272.png,85,21,"/K Megafone Mundial"
06-combate-outros,shop__75_asset.shop.SubBtnSpecialIconUp.png,shop.swf,75_asset.shop.SubBtnSpecialIconUp.png,85,35,"(Especial"
06-combate-outros,chat1__231.png,chat1.swf,231.png,85,21,"/K Megafone Mundial"
06-combate-outros,toffilist__66_asset.Toffilist.exploitImgAsset1_2.png,toffilist.swf,66_asset.Toffilist.exploitImgAsset1_2.png,77,26,"Mérito"
06-combate-outros,toffilist__95_asset.Toffilist.LnTAImgAsset1_2.png,toffilist.swf,95_asset.Toffilist.LnTAImgAsset1_2.png,64,26,"Patrimônio total"
06-combate-outros,im__25_asset.IM.InviteBlog.png,im.swf,25_asset.IM.InviteBlog.png,75,31,"Convidar amigo"
06-combate-outros,shop__53_asset.shop.SubBtnEyeIconUp.png,shop.swf,53_asset.shop.SubBtnEyeIconUp.png,71,35,"Olhos"
06-combate-outros,shop__71_asset.shop.SubBtnRecommendIconUp.png,shop.swf,71_asset.shop.SubBtnRecommendIconUp.png,63,24,"Novo"
06-combate-outros,shop__80_asset.shop.SubBtnWingIconUp.png,shop.swf,80_asset.shop.SubBtnWingIconUp.png,71,35,"Asas"
06-combate-outros,setting__4_asset.setting.wqtx.png,setting.swf,4_asset.setting.wqtx.png,97,35,"Hiệu ứng đặc biệt Arma"
06-combate-outros,toffilist__67_asset.Toffilist.exploitImgAsset1_1.png,toffilist.swf,67_asset.Toffilist.exploitImgAsset1_1.png,46,40,"Mérito"
06-combate-outros,texpsystem__4_asset.texpSystem.txtDef.png,texpsystem.swf,4_asset.texpSystem.txtDef.png,68,32,""
06-combate-outros,setting__10_asset.setting.refusedPrivateChat.png,setting.swf,10_asset.setting.refusedPrivateChat.png,180,19,"Recusar mensagens de estranhos"
06-combate-outros,_corei__190_exitPrompt.dayMissionBt.png,_corei.swf,190_exitPrompt.dayMissionBt.png,120,25,"Missão hàng ngày:"
06-combate-outros,shop__33_asset.shop.SubBtnGiftMedalClothIconUp.png,shop.swf,33_asset.shop.SubBtnGiftMedalClothIconUp.png,77,21,"Traje"
06-combate-outros,email__14_asset.email.reciveMailBtn1.png,email.swf,14_asset.email.reciveMailBtn1.png,78,19,"[Receber anexo!"
06-combate-outros,toffilist__101_asset.Toffilist.AchievementImgAsset1_2.png,toffilist.swf,101_asset.Toffilist.AchievementImgAsset1_2.png,57,26,"Conquista"
06-combate-outros,chickactivation__20_assets.chickActivation.unSelectLevelPacks.png,chickactivation.swf,20_assets.chickActivation.unSelectLevelPacks.png,106,36,"Pacote de presente de nível"
06-combate-outros,shop__21_asset.shop.PayPaneGetBtn.png,shop.swf,21_asset.shop.PayPaneGetBtn.png,78,22,""
06-combate-outros,email__31_asset.email.helpPage.png,email.swf,31_asset.email.helpPage.png,75,22,"guia"
06-combate-outros,setting__14_asset.setting.CommunityFunction.png,setting.swf,14_asset.setting.CommunityFunction.png,114,34,"Função de rede social"
06-combate-outros,feedback__22_asset.feedback.getTimeTextImg.png,feedback.swf,22_asset.feedback.getTimeTextImg.png,96,28,""
06-combate-outros,toffilist__16_asset.Toffilist.wealthImgAsset1_2.png,toffilist.swf,16_asset.Toffilist.wealthImgAsset1_2.png,51,26,"Patrimônio"
06-combate-outros,shop__38_asset.shop.PlayerRank.png,shop.swf,38_asset.shop.PlayerRank.png,43,18,"Classificação"
06-combate-outros,shop__62_asset.shop.SubBtnGlassesIconUp.png,shop.swf,62_asset.shop.SubBtnGlassesIconUp.png,71,35,"Óculos"
06-combate-outros,email__11_asset.email.selectAllBtn1.png,email.swf,11_asset.email.selectAllBtn1.png,78,19,"Selecionar tudo"
06-combate-outros,shop__67_asset.shop.SubBtnHatIconUp.png,shop.swf,67_asset.shop.SubBtnHatIconUp.png,71,35,"Chapéu"
06-combate-outros,email__8_asset.email.sendedButton2.png,email.swf,8_asset.email.sendedButton2.png,72,26,"Carta enviada"
06-combate-outros,avatarcollection1__6_asset.avatarColl.canActivityIcon.png,avatarcollection1.swf,6_asset.avatarColl.canActivityIcon.png,75,21,"Ativar"
06-combate-outros,texpsystem__2_asset.texpSystem.txtLuk.png,texpsystem.swf,2_asset.texpSystem.txtLuk.png,59,32,""
06-combate-outros,shop__61_asset.shop.SubBtnGlassesIconDown.png,shop.swf,61_asset.shop.SubBtnGlassesIconDown.png,69,31,"(Óculos)"
06-combate-outros,toffilist__36_asset.Toffilist.PlayerRankNum4.png,toffilist.swf,36_asset.Toffilist.PlayerRankNum4.png,34,36,""
06-combate-outros,email__2_asset.email.writingViewTitle.png,email.swf,2_asset.email.writingViewTitle.png,72,26,"Escrever correio"
06-combate-outros,chat__269.png,chat.swf,269.png,85,21,"Moderno"
06-combate-outros,chat1__234.png,chat1.swf,234.png,85,21,"Moderno"
06-combate-outros,_corei__123_exitPrompt.actMissionBt.png,_corei.swf,123_exitPrompt.actMissionBt.png,104,25,"Missão Evento:"
06-combate-outros,shop__65_asset.shop.SubBtnHatIconDown.png,shop.swf,65_asset.shop.SubBtnHatIconDown.png,69,31,"P Moedasôn"
06-combate-outros,toffilist__90_asset.Toffilist.fightingImgAsset1_2.png,toffilist.swf,90_asset.Toffilist.fightingImgAsset1_2.png,62,26,"Poder de Combate"
06-combate-outros,chat__258.png,chat.swf,258.png,85,21,"/P Grupo"
06-combate-outros,feedback__31_asset.feedback.acquirementTextImg.png,feedback.swf,31_asset.feedback.acquirementTextImg.png,83,28,""
06-combate-outros,chat__263.png,chat.swf,263.png,85,21,"/X Megafone Pequeno"
06-combate-outros,feedback__17_asset.feedback.playerEvaluationTextImg.png,feedback.swf,17_asset.feedback.playerEvaluationTextImg.png,71,28,""
06-combate-outros,chat__61_asset.chat.ChannelState_CrossBuggle.png,chat.swf,61_asset.chat.ChannelState_CrossBuggle.png,56,22,"Megafone mundial"
06-combate-outros,chat__278.png,chat.swf,278.png,85,21,"/D Megafone Grande"
06-combate-outros,chat1__240.png,chat1.swf,240.png,85,21,"/X Megafone Pequeno"
06-combate-outros,chat1__243.png,chat1.swf,243.png,85,21,"/P Grupo"
06-combate-outros,toffilist__25_asset.Toffilist.rankingTitleImgAsset.png,toffilist.swf,25_asset.Toffilist.rankingTitleImgAsset.png,37,21,""
06-combate-outros,chat1__223.png,chat1.swf,223.png,85,21,"/D Megafone Grande"
06-combate-outros,chat1__18_asset.chat.ChannelState_CrossBuggle.png,chat1.swf,18_asset.chat.ChannelState_CrossBuggle.png,56,22,"Megafone mundial"
06-combate-outros,latentenergy__1_asset.latentEnergyFrame.replaceBtn.png,latentenergy.swf,1_asset.latentEnergyFrame.replaceBtn.png,90,32,"Novo recurso"
06-combate-outros,shop__47_asset.shop.SubBtnBgUp.png,shop.swf,47_asset.shop.SubBtnBgUp.png,70,32,""
06-combate-outros,shop__23_asset.shop.PayPaneGivingBtn.png,shop.swf,23_asset.shop.PayPaneGivingBtn.png,61,22,""
06-combate-outros,toffilist__55_asset.Toffilist.gradeOrderTitleImgAsset.png,toffilist.swf,55_asset.Toffilist.gradeOrderTitleImgAsset.png,32,21,""
06-combate-outros,email__9_asset.email.sendedButton1.png,email.swf,9_asset.email.sendedButton1.png,72,24,"Carta enviada"
06-combate-outros,shop__51_asset.shop.SubBtnDiscountIconUp.png,shop.swf,51_asset.shop.SubBtnDiscountIconUp.png,57,20,"Oferta"
06-combate-outros,setting__17_asset.setting.addFriend.png,setting.swf,17_asset.setting.addFriend.png,121,18,"Permitir amizade"
06-combate-outros,toffilist__97_asset.Toffilist.accumulateImg2Asset.png,toffilist.swf,97_asset.Toffilist.accumulateImg2Asset.png,49,26,"(Total)"
06-combate-outros,email__3_asset.email.writingTopTip.png,email.swf,3_asset.email.writingTopTip.png,71,43,"Destinatário / Assunto"
06-combate-outros,toffilist__26_asset.Toffilist.rankingImgAsset1_2.png,toffilist.swf,26_asset.Toffilist.rankingImgAsset1_2.png,38,26,"Classificação"
06-combate-outros,toffilist__13_asset.Toffilist.weekAddImg2Asset.png,toffilist.swf,13_asset.Toffilist.weekAddImg2Asset.png,49,27,"(Semanal)"
06-combate-outros,email__6_asset.email.titleTop.png,email.swf,6_asset.email.titleTop.png,71,43,"Remetente / Assunto"
06-combate-outros,toffilist__58_asset.Toffilist.gradeImgAsset1_2.png,toffilist.swf,58_asset.Toffilist.gradeImgAsset1_2.png,38,26,"Nível"
06-combate-outros,giftsystem__25_asset.giftSystem.help.png,giftsystem.swf,25_asset.giftSystem.help.png,84,20,"Ajuda"
06-combate-outros,toffilist__45_asset.Toffilist.nameTitleImgAsset.png,toffilist.swf,45_asset.Toffilist.nameTitleImgAsset.png,37,21,""
06-combate-outros,im__18_asset.IM.NAN.png,im.swf,18_asset.IM.NAN.png,226,22,"Nenhum resultado encontrado"
06-combate-outros,giftsystem__9_asset.rebackMenu.rebackOver.png,giftsystem.swf,9_asset.rebackMenu.rebackOver.png,89,27,"Retribuir"
06-combate-outros,corescalebitmap__282_asset.core.levelRewardLightBgAssetII_leftup.png,corescalebitmap.swf,282_asset.core.levelRewardLightBgAssetII_leftup.png,50,50,"Salvar"
06-combate-outros,feedback__16_asset.feedback.playersMobileTextImg.png,feedback.swf,16_asset.feedback.playersMobileTextImg.png,87,21,""
06-combate-outros,setting__7_asset.setting.sxts.png,setting.swf,7_asset.setting.sxts.png,109,25,"Indicador de status online"
06-combate-outros,shop__116_asset.shop.SubBtnGiftMedalAllIconUp.png,shop.swf,116_asset.shop.SubBtnGiftMedalAllIconUp.png,60,19,"Todos"
06-combate-outros,email__7_asset.email.sixHouer.png,email.swf,7_asset.email.sixHouer.png,36,18,"6 horas"
06-combate-outros,texpsystem__17_asset.texpSystem.help.png,texpsystem.swf,17_asset.texpSystem.help.png,86,20,"Ajuda"
06-combate-outros,shop__60_asset.shop.SubBtnGiftIconUp.png,shop.swf,60_asset.shop.SubBtnGiftIconUp.png,84,35,"Quantia do presente"
06-combate-outros,email__23_asset.email.oneHouer.png,email.swf,23_asset.email.oneHouer.png,38,18,"1 hora"
06-combate-outros,effort__2_asset.Effort.title_02.png,effort.swf,2_asset.Effort.title_02.png,154,29,""
06-combate-outros,_corei__88_asset.corei.helpbutton.png,_corei.swf,88_asset.corei.helpbutton.png,88,25,"Ajuda"
06-combate-outros,setting__9_asset.setting.lbgn.png,setting.swf,9_asset.setting.lbgn.png,95,25,"Função de megafone"
06-combate-outros,setting__11_asset.setting.jsyq.png,setting.swf,11_asset.setting.jsyq.png,90,25,"Receber convite"
06-combate-outros,giftsystem__8_asset.rebackMenu.rebackOut.png,giftsystem.swf,8_asset.rebackMenu.rebackOut.png,89,27,"Retribuir"
06-combate-outros,setting__15_asset.setting.bjyy.png,setting.swf,15_asset.setting.bjyy.png,68,25,"Música de fundo"
06-combate-outros,setting__1_asset.setting.yxyx.png,setting.swf,1_asset.setting.yxyx.png,68,25,"Efeitos"
06-combate-outros,chat__411.png,chat.swf,411.png,21,14,""
06-combate-outros,chat1__20_asset.chat.ChannelState_Private.png,chat1.swf,20_asset.chat.ChannelState_Private.png,56,22,"Chat privado"
06-combate-outros,chat__58_asset.chat.ChannelState_Private.png,chat.swf,58_asset.chat.ChannelState_Private.png,56,22,"Chat privado"
06-combate-outros,ddtcorescalebitmap__29_asset.core.NewScale9CornerImage4._1_.png,ddtcorescalebitmap.swf,29_asset.core.NewScale9CornerImage4.§1§.png,40,45,"Salvar"
06-combate-outros,_corei__56_asset.chatFrame.record.png,_corei.swf,56_asset.chatFrame.record.png,84,21,""
06-combate-outros,shop__24_asset.shop.PayPanelCount.png,shop.swf,24_asset.shop.PayPanelCount.png,50,22,"Quantidade"
06-combate-outros,chat1__19_asset.chat.ChannelState_Current.png,chat1.swf,19_asset.chat.ChannelState_Current.png,56,22,""
06-combate-outros,ddtcorescalebitmap__127_asset.core.NewScale9CornerImage3._1_.png,ddtcorescalebitmap.swf,127_asset.core.NewScale9CornerImage3.§1§.png,30,26,"Salvar"
06-combate-outros,chat__63_asset.chat.ChannelState_BigBuggle.png,chat.swf,63_asset.chat.ChannelState_BigBuggle.png,56,22,"Megafone grande"
06-combate-outros,email__12_asset.email.rightPageBtn.png,email.swf,12_asset.email.rightPageBtn.png,12,22,""
06-combate-outros,chat1__16_asset.chat.ChannelState_BigBuggle.png,chat1.swf,16_asset.chat.ChannelState_BigBuggle.png,56,22,"Megafone grande"
06-combate-outros,email__29_asset.email.leftPageBtn.png,email.swf,29_asset.email.leftPageBtn.png,12,22,""
06-combate-outros,chat__57_asset.chat.ChannelState_SmallBuggle.png,chat.swf,57_asset.chat.ChannelState_SmallBuggle.png,56,22,"Megafone pequeno"
06-combate-outros,chat1__21_asset.chat.ChannelState_SmallBuggle.png,chat1.swf,21_asset.chat.ChannelState_SmallBuggle.png,56,22,"Megafone pequeno"
06-combate-outros,roadcomponent__39_asset.core.comboxBtn4.png,roadcomponent.swf,39_asset.core.comboxBtn4.png,23,23,""
06-combate-outros,email__26_asset.email.moneyInputImg.png,email.swf,26_asset.email.moneyInputImg.png,144,20,"Moedas EwxỄẼ._;"
06-combate-outros,roadcomponent__3_core.RadioButton.Red.CheckBtnUnSelect.png,roadcomponent.swf,3_core.RadioButton.Red.CheckBtnUnSelect.png,17,17,"Voltar"
06-combate-outros,chat1__22_asset.chat.ChannelState_Team.png,chat1.swf,22_asset.chat.ChannelState_Team.png,56,22,"Grupo"
06-combate-outros,chat__56_asset.chat.ChannelState_Team.png,chat.swf,56_asset.chat.ChannelState_Team.png,56,22,"Grupo"
06-combate-outros,_corei__232.png,_corei.swf,232.png,50,40,""
06-combate-outros,effort__12_asset.Effort.item_03.png,effort.swf,12_asset.Effort.item_03.png,98,18,"Não concluídos"
06-combate-outros,effort__13_asset.Effort.item_02.png,effort.swf,13_asset.Effort.item_02.png,98,18,"Concluídos"
06-combate-outros,shop__26_asset.shop.PayPanelGift.png,shop.swf,26_asset.shop.PayPanelGift.png,31,14,"pontos de presente"
06-combate-outros,_corei__230.png,_corei.swf,230.png,50,40,""
06-combate-outros,shop__34_asset.shop.PayPanelPiece.png,shop.swf,34_asset.shop.PayPanelPiece.png,23,21,"Unidade"
06-combate-outros,feedback__25_asset.feedback.dayTextImg.png,feedback.swf,25_asset.feedback.dayTextImg.png,23,15,""
06-combate-outros,effort__14_asset.Effort.item_01.png,effort.swf,14_asset.Effort.item_01.png,98,18,"Todos"
01-loading,Loading__4.png,Loading.swf,4.png,,,""
